ISO-10303-21;
HEADER;
FILE_DESCRIPTION (( 'STEP AP214' ),
    '1' );
FILE_NAME ('ADM6711TAKS-REEL.STEP',
    '2023-06-15T06:15:26',
    ( '' ),
    ( '' ),
    'SwSTEP 2.0',
    'SolidWorks 2021',
    '' );
FILE_SCHEMA (( 'AUTOMOTIVE_DESIGN' ));
ENDSEC;

DATA;
#1 = CARTESIAN_POINT ( 'NONE',  ( -0.7624999999999999556, 0.6298604080208444200, 0.8245701626297392561 ) ) ;
#2 = ORIENTED_EDGE ( 'NONE', *, *, #1961, .T. ) ;
#3 = EDGE_CURVE ( 'NONE', #2692, #2212, #2818, .T. ) ;
#4 = PLANE ( 'NONE',  #1387 ) ;
#5 = LINE ( 'NONE', #681, #1265 ) ;
#6 = AXIS2_PLACEMENT_3D ( 'NONE', #1985, #1553, #881 ) ;
#7 = EDGE_CURVE ( 'NONE', #1731, #174, #1066, .T. ) ;
#8 = VERTEX_POINT ( 'NONE', #439 ) ;
#9 = SPHERICAL_SURFACE ( 'NONE', #429, 0.1000000000000000056 ) ;
#10 = DIRECTION ( 'NONE',  ( 1.000000000000000000, 0.000000000000000000, 0.000000000000000000 ) ) ;
#11 = AXIS2_PLACEMENT_3D ( 'NONE', #1927, #1231, #2768 ) ;
#12 = LINE ( 'NONE', #2690, #2841 ) ;
#13 = ORIENTED_EDGE ( 'NONE', *, *, #361, .F. ) ;
#14 = AXIS2_PLACEMENT_3D ( 'NONE', #340, #2537, #2489 ) ;
#15 = VECTOR ( 'NONE', #2769, 1000.000000000000000 ) ;
#16 = ORIENTED_EDGE ( 'NONE', *, *, #2840, .T. ) ;
#17 = CARTESIAN_POINT ( 'NONE',  ( 0.5375000000000001998, 0.000000000000000000, -1.050000000000000044 ) ) ;
#18 = PRESENTATION_STYLE_ASSIGNMENT (( #677 ) ) ;
#19 = CARTESIAN_POINT ( 'NONE',  ( -0.6754967095456894111, 0.8802943725152209131, 0.3604967095456894088 ) ) ;
#20 = AXIS2_PLACEMENT_3D ( 'NONE', #699, #474, #38 ) ;
#21 = ADVANCED_FACE ( 'NONE', ( #2831 ), #664, .F. ) ;
#22 = CARTESIAN_POINT ( 'NONE',  ( 0.8892584072847292687, 1.039859328175500419, -0.5142584072847292687 ) ) ;
#23 = ORIENTED_EDGE ( 'NONE', *, *, #1914, .F. ) ;
#24 = CARTESIAN_POINT ( 'NONE',  ( -0.5374999999999999778, 0.6599999999999919265, -0.5950000000000000844 ) ) ;
#25 = DIRECTION ( 'NONE',  ( 0.000000000000000000, 0.000000000000000000, -1.000000000000000000 ) ) ;
#26 = EDGE_LOOP ( 'NONE', ( #2152, #1591, #521, #1535 ) ) ;
#27 = DIRECTION ( 'NONE',  ( 0.000000000000000000, 0.000000000000000000, -1.000000000000000000 ) ) ;
#28 = CARTESIAN_POINT ( 'NONE',  ( -0.9724230070958115313, 0.5036031015027435664, -0.5481826194452014134 ) ) ;
#29 = VERTEX_POINT ( 'NONE', #240 ) ;
#30 = VERTEX_POINT ( 'NONE', #2806 ) ;
#31 = CARTESIAN_POINT ( 'NONE',  ( -0.5374999999999999778, 0.7999999999999919398, 0.5652420813661968024 ) ) ;
#32 = CARTESIAN_POINT ( 'NONE',  ( -0.8892584072847291576, 1.039859328175500419, 0.5142584072847292687 ) ) ;
#33 = PLANE ( 'NONE',  #1234 ) ;
#34 = AXIS2_PLACEMENT_3D ( 'NONE', #24, #145, #1771 ) ;
#35 = ORIENTED_EDGE ( 'NONE', *, *, #436, .T. ) ;
#36 = CARTESIAN_POINT ( 'NONE',  ( -1.000000000000000000, 0.6599999999999919265, -0.6250000000000000000 ) ) ;
#37 = PLANE ( 'NONE',  #1859 ) ;
#38 = DIRECTION ( 'NONE',  ( 0.000000000000000000, 0.000000000000000000, -1.000000000000000000 ) ) ;
#39 = DIRECTION ( 'NONE',  ( -1.000000000000000000, -0.000000000000000000, 0.000000000000000000 ) ) ;
#40 = EDGE_CURVE ( 'NONE', #713, #2259, #817, .T. ) ;
#41 = VERTEX_POINT ( 'NONE', #680 ) ;
#42 = ORIENTED_EDGE ( 'NONE', *, *, #46, .T. ) ;
#43 = CARTESIAN_POINT ( 'NONE',  ( -0.7624999999999999556, 0.6099999999999918820, -0.6356110025097669869 ) ) ;
#44 = DIRECTION ( 'NONE',  ( -1.000000000000000000, 0.000000000000000000, 0.000000000000000000 ) ) ;
#45 = AXIS2_PLACEMENT_3D ( 'NONE', #2672, #1157, #1573 ) ;
#46 = EDGE_CURVE ( 'NONE', #1327, #1455, #1336, .T. ) ;
#47 = DIRECTION ( 'NONE',  ( 1.000000000000000000, 0.000000000000000000, -0.000000000000000000 ) ) ;
#48 = B_SPLINE_CURVE_WITH_KNOTS ( 'NONE', 3,
 ( #90, #2487, #2707, #983 ),
 .UNSPECIFIED., .F., .F.,
 ( 4, 4 ),
 ( -1.746699282351180581E-06, 0.0003949036742083918573 ),
 .UNSPECIFIED. ) ;
#49 = ORIENTED_EDGE ( 'NONE', *, *, #1381, .F. ) ;
#50 = CARTESIAN_POINT ( 'NONE',  ( 0.9231826194452010803, 0.5036031015027435664, -0.5974230070958118644 ) ) ;
#51 =( LENGTH_UNIT ( ) NAMED_UNIT ( * ) SI_UNIT ( .MILLI., .METRE. ) );
#52 = ADVANCED_FACE ( 'NONE', ( #1270 ), #4, .T. ) ;
#53 = ADVANCED_FACE ( 'NONE', ( #2220 ), #1720, .F. ) ;
#55 = AXIS2_PLACEMENT_3D ( 'NONE', #2255, #39, #1147 ) ;
#54 = PRODUCT_DEFINITION_CONTEXT ( 'detailed design', #433, 'design' ) ;
#56 = DIRECTION ( 'NONE',  ( 0.000000000000000000, 0.000000000000000000, 1.000000000000000000 ) ) ;
#57 = CARTESIAN_POINT ( 'NONE',  ( -0.9699999999999999734, 0.6599999999999919265, -0.5950000000000000844 ) ) ;
#58 = VECTOR ( 'NONE', #2245, 1000.000000000000000 ) ;
#59 = EDGE_LOOP ( 'NONE', ( #1521, #1702, #2464, #215 ) ) ;
#60 = AXIS2_PLACEMENT_3D ( 'NONE', #120, #377, #2155 ) ;
#61 = EDGE_CURVE ( 'NONE', #1751, #1775, #915, .T. ) ;
#62 = EDGE_LOOP ( 'NONE', ( #1013, #1432 ) ) ;
#63 = CARTESIAN_POINT ( 'NONE',  ( 0.000000000000000000, 0.9999999999999920064, 0.4204967095456894621 ) ) ;
#64 = CARTESIAN_POINT ( 'NONE',  ( -0.9129450663853851955, 0.1662869376834033297, -0.5379450663853855286 ) ) ;
#65 = CIRCLE ( 'NONE', #762, 0.1000000000000000472 ) ;
#66 = DIRECTION ( 'NONE',  ( 0.000000000000000000, 0.000000000000000000, -1.000000000000000000 ) ) ;
#67 = EDGE_LOOP ( 'NONE', ( #641, #1678, #1995 ) ) ;
#68 = LINE ( 'NONE', #1410, #2631 ) ;
#69 = DIRECTION ( 'NONE',  ( 0.000000000000000000, 0.000000000000000000, 1.000000000000000000 ) ) ;
#70 = ADVANCED_FACE ( 'NONE', ( #1705 ), #898, .T. ) ;
#71 = CARTESIAN_POINT ( 'NONE',  ( -0.8173469276855311882, 0.1999999999999921285, -0.4423469276855314658 ) ) ;
#72 = FACE_OUTER_BOUND ( 'NONE', #26, .T. ) ;
#73 = ORIENTED_EDGE ( 'NONE', *, *, #302, .F. ) ;
#74 = VERTEX_POINT ( 'NONE', #2685 ) ;
#75 = LINE ( 'NONE', #2026, #2060 ) ;
#76 = CARTESIAN_POINT ( 'NONE',  ( 0.7954967095456894066, 0.9999999999999920064, -0.4204967095456894621 ) ) ;
#77 = CARTESIAN_POINT ( 'NONE',  ( 0.7999999999999999334, 0.1399999999999999578, 0.8850606066446772280 ) ) ;
#78 = CARTESIAN_POINT ( 'NONE',  ( 0.9158277029867518682, 0.1826351822332989427, 0.4423469276855315213 ) ) ;
#79 = ORIENTED_EDGE ( 'NONE', *, *, #477, .T. ) ;
#80 = DIRECTION ( 'NONE',  ( 0.000000000000000000, 0.000000000000000000, 1.000000000000000000 ) ) ;
#81 = CARTESIAN_POINT ( 'NONE',  ( -0.7624999999999999556, 0.1400000000000000133, -1.050000000000000044 ) ) ;
#82 = ADVANCED_FACE ( 'NONE', ( #1585 ), #694, .F. ) ;
#83 = CARTESIAN_POINT ( 'NONE',  ( -0.9699999999999999734, 0.6599999999999918154, -0.5950000000000000844 ) ) ;
#84 = DIRECTION ( 'NONE',  ( 0.000000000000000000, 0.000000000000000000, 1.000000000000000000 ) ) ;
#85 = DIRECTION ( 'NONE',  ( 0.000000000000000000, -0.9781476007338054668, 0.2079116908177597867 ) ) ;
#86 = VECTOR ( 'NONE', #655, 1000.000000000000000 ) ;
#87 = ORIENTED_EDGE ( 'NONE', *, *, #1140, .F. ) ;
#88 = EDGE_LOOP ( 'NONE', ( #1463, #2521, #1855, #492 ) ) ;
#89 = CARTESIAN_POINT ( 'NONE',  ( 0.8892584072847291576, 1.039859328175500419, 0.5142584072847292687 ) ) ;
#90 = CARTESIAN_POINT ( 'NONE',  ( 0.9699999999999999734, 0.6599999999999919265, 0.5950000000000000844 ) ) ;
#91 = SURFACE_STYLE_FILL_AREA ( #1437 ) ;
#92 = EDGE_CURVE ( 'NONE', #790, #318, #1491, .T. ) ;
#93 = CARTESIAN_POINT ( 'NONE',  ( 0.7954967095456894066, 0.9999999999999920064, -0.4204967095456894621 ) ) ;
#94 = CARTESIAN_POINT ( 'NONE',  ( -0.7624999999999999556, 0.6599999999999919265, 0.6356110025097669869 ) ) ;
#95 = ORIENTED_EDGE ( 'NONE', *, *, #628, .T. ) ;
#96 = FACE_OUTER_BOUND ( 'NONE', #250, .T. ) ;
#97 = CARTESIAN_POINT ( 'NONE',  ( -0.5374999999999999778, 0.6298604080208444200, -0.8245701626297392561 ) ) ;
#98 = CARTESIAN_POINT ( 'NONE',  ( 0.7625000000000001776, 0.6599999999999919265, -0.6356110025097669869 ) ) ;
#99 = CARTESIAN_POINT ( 'NONE',  ( -0.9451126669287466253, 0.7770856965116286208, -0.5212052868920564741 ) ) ;
#100 = DIRECTION ( 'NONE',  ( 0.000000000000000000, 0.000000000000000000, -1.000000000000000000 ) ) ;
#101 = ORIENTED_EDGE ( 'NONE', *, *, #676, .F. ) ;
#102 = VECTOR ( 'NONE', #1618, 1000.000000000000000 ) ;
#103 = VERTEX_POINT ( 'NONE', #2151 ) ;
#104 = SPHERICAL_SURFACE ( 'NONE', #1086, 0.1000000000000000056 ) ;
#105 = DIRECTION ( 'NONE',  ( 0.000000000000000000, 0.000000000000000000, 1.000000000000000000 ) ) ;
#106 = CIRCLE ( 'NONE', #2426, 0.05000000000000002359 ) ;
#107 = CARTESIAN_POINT ( 'NONE',  ( -0.8173469276855311882, 0.1999999999999921285, -0.4423469276855314103 ) ) ;
#108 = LINE ( 'NONE', #954, #1515 ) ;
#109 = ORIENTED_EDGE ( 'NONE', *, *, #2381, .T. ) ;
#110 = EDGE_CURVE ( 'NONE', #185, #1960, #2778, .T. ) ;
#111 = CARTESIAN_POINT ( 'NONE',  ( 0.7625000000000001776, 0.6599999999999919265, -0.5950000000000000844 ) ) ;
#112 = CIRCLE ( 'NONE', #1647, 0.05000000000000002359 ) ;
#113 = CARTESIAN_POINT ( 'NONE',  ( -0.5374999999999999778, 0.6152264231633740588, -0.6853370972781807069 ) ) ;
#114 = PRESENTATION_LAYER_ASSIGNMENT (  '', '', ( #1002 ) ) ;
#115 = DIRECTION ( 'NONE',  ( -1.000000000000000000, -0.000000000000000000, -0.000000000000000000 ) ) ;
#116 = FACE_OUTER_BOUND ( 'NONE', #2118, .T. ) ;
#117 = VERTEX_POINT ( 'NONE', #2604 ) ;
#118 = B_SPLINE_CURVE_WITH_KNOTS ( 'NONE', 3,
 ( #1110, #407, #2443, #1358 ),
 .UNSPECIFIED., .F., .F.,
 ( 4, 4 ),
 ( -1.746699282351180581E-06, 0.0003949036742083918573 ),
 .UNSPECIFIED. ) ;
#119 = ORIENTED_EDGE ( 'NONE', *, *, #576, .T. ) ;
#120 = CARTESIAN_POINT ( 'NONE',  ( -0.7954967095456894066, 0.9999999999999920064, 0.4204967095456894621 ) ) ;
#121 = CARTESIAN_POINT ( 'NONE',  ( -0.7624999999999999556, 0.1400000000000000133, 0.8850606066446772280 ) ) ;
#122 = AXIS2_PLACEMENT_3D ( 'NONE', #139, #2104, #2571 ) ;
#123 = CYLINDRICAL_SURFACE ( 'NONE', #813, 0.1000000000000000472 ) ;
#124 = DIRECTION ( 'NONE',  ( 1.000000000000000000, 0.000000000000000000, 0.000000000000000000 ) ) ;
#125 = VERTEX_POINT ( 'NONE', #2061 ) ;
#126 = FACE_OUTER_BOUND ( 'NONE', #2653, .T. ) ;
#127 = DIRECTION ( 'NONE',  ( 0.000000000000000000, 0.000000000000000000, -1.000000000000000000 ) ) ;
#128 = PLANE ( 'NONE',  #2201 ) ;
#129 = CLOSED_SHELL ( 'NONE', ( #1192, #1559, #1728, #825 ) ) ;
#130 = CARTESIAN_POINT ( 'NONE',  ( 0.5375000000000001998, 0.1499999999999999944, -0.8850606066446772280 ) ) ;
#131 = ORIENTED_EDGE ( 'NONE', *, *, #135, .T. ) ;
#132 = VERTEX_POINT ( 'NONE', #1172 ) ;
#133 = CARTESIAN_POINT ( 'NONE',  ( -0.6754967095456894111, 1.099999999999992095, 0.3004967095456894666 ) ) ;
#134 = LINE ( 'NONE', #2567, #2827 ) ;
#135 = EDGE_CURVE ( 'NONE', #669, #1375, #2697, .T. ) ;
#136 = DIRECTION ( 'NONE',  ( 0.000000000000000000, -1.643334182377291610E-16, 1.000000000000000000 ) ) ;
#137 = FILL_AREA_STYLE ('',( #2133 ) ) ;
#138 = VERTEX_POINT ( 'NONE', #1659 ) ;
#139 = CARTESIAN_POINT ( 'NONE',  ( -0.6754967095456894111, 1.049999999999992051, 0.3004967095456894666 ) ) ;
#140 = DIRECTION ( 'NONE',  ( 0.000000000000000000, 0.1045284632676467262, -0.9945218953682740670 ) ) ;
#141 = VECTOR ( 'NONE', #584, 1000.000000000000000 ) ;
#142 = CARTESIAN_POINT ( 'NONE',  ( -0.9430861357615762941, 0.7866197760584947574, -0.5680861357615764051 ) ) ;
#143 = EDGE_CURVE ( 'NONE', #2394, #117, #2266, .T. ) ;
#144 = EDGE_CURVE ( 'NONE', #2004, #8, #68, .T. ) ;
#145 = DIRECTION ( 'NONE',  ( 0.000000000000000000, 1.000000000000000000, 0.000000000000000000 ) ) ;
#146 = ORIENTED_EDGE ( 'NONE', *, *, #2859, .F. ) ;
#147 = ORIENTED_EDGE ( 'NONE', *, *, #2339, .F. ) ;
#148 = CARTESIAN_POINT ( 'NONE',  ( -0.8892584072847292687, 1.039859328175500419, -0.5142584072847292687 ) ) ;
#149 = DIRECTION ( 'NONE',  ( -0.000000000000000000, -0.000000000000000000, 1.000000000000000000 ) ) ;
#150 = CARTESIAN_POINT ( 'NONE',  ( 0.7999999999999999334, 0.7999999999999919398, 0.5652420813661968024 ) ) ;
#151 = CARTESIAN_POINT ( 'NONE',  ( 0.7999999999999999334, 0.7999999999999920508, 0.6356110025097669869 ) ) ;
#152 = ORIENTED_EDGE ( 'NONE', *, *, #1352, .T. ) ;
#153 = AXIS2_PLACEMENT_3D ( 'NONE', #1341, #1536, #1080 ) ;
#154 = AXIS2_PLACEMENT_3D ( 'NONE', #1220, #2100, #1236 ) ;
#155 = CARTESIAN_POINT ( 'NONE',  ( 0.9430861357615762941, 0.7866197760584947574, -0.5680861357615764051 ) ) ;
#156 = AXIS2_PLACEMENT_3D ( 'NONE', #2117, #124, #986 ) ;
#157 = VECTOR ( 'NONE', #1274, 1000.000000000000000 ) ;
#158 = EDGE_CURVE ( 'NONE', #229, #2334, #2713, .T. ) ;
#159 = PLANE ( 'NONE',  #296 ) ;
#160 = AXIS2_PLACEMENT_3D ( 'NONE', #1689, #2528, #2576 ) ;
#161 = CARTESIAN_POINT ( 'NONE',  ( -0.6754967095456894111, 1.049999999999992051, 0.3004967095456894666 ) ) ;
#162 = VERTEX_POINT ( 'NONE', #768 ) ;
#163 = ORIENTED_EDGE ( 'NONE', *, *, #2125, .T. ) ;
#164 = CARTESIAN_POINT ( 'NONE',  ( -0.8173469276855311882, 0.1826351822332990260, -0.5408277029867523122 ) ) ;
#165 = CARTESIAN_POINT ( 'NONE',  ( 0.8933114696190701531, 1.020791169081767924, -0.5950000000000000844 ) ) ;
#166 = DIRECTION ( 'NONE',  ( 3.469446951953614682E-16, 0.000000000000000000, 1.000000000000000000 ) ) ;
#167 = CARTESIAN_POINT ( 'NONE',  ( -0.5374999999999999778, 0.6099999999999918820, 0.6356110025097669869 ) ) ;
#168 = ORIENTED_EDGE ( 'NONE', *, *, #1162, .T. ) ;
#169 = CARTESIAN_POINT ( 'NONE',  ( -0.6754967095456894111, 1.049999999999992051, 0.3004967095456894666 ) ) ;
#170 = ORIENTED_EDGE ( 'NONE', *, *, #1357, .T. ) ;
#171 = ADVANCED_FACE ( 'NONE', ( #926 ), #2033, .F. ) ;
#172 = CARTESIAN_POINT ( 'NONE',  ( -0.6754967095456894111, 0.8802943725152209131, 0.2404967095456895521 ) ) ;
#173 = ORIENTED_EDGE ( 'NONE', *, *, #385, .F. ) ;
#174 = VERTEX_POINT ( 'NONE', #2294 ) ;
#175 = ADVANCED_FACE ( 'NONE', ( #1843 ), #2542, .T. ) ;
#176 = ORIENTED_EDGE ( 'NONE', *, *, #2518, .F. ) ;
#177 = CARTESIAN_POINT ( 'NONE',  ( 0.9699999999999999734, 0.6599999999999919265, 0.5950000000000000844 ) ) ;
#178 = DIRECTION ( 'NONE',  ( -1.000000000000000000, -0.000000000000000000, 0.000000000000000000 ) ) ;
#179 = PLANE ( 'NONE',  #1943 ) ;
#180 = ORIENTED_EDGE ( 'NONE', *, *, #907, .F. ) ;
#181 = ADVANCED_FACE ( 'NONE', ( #2090 ), #531, .T. ) ;
#182 =( BOUNDED_CURVE ( )  B_SPLINE_CURVE ( 2, ( #419, #1318, #2198 ),
 .UNSPECIFIED., .F., .F. ) 
 B_SPLINE_CURVE_WITH_KNOTS ( ( 3, 3 ),
 ( 0.000000000000000000, 1.000000000000000000 ),
 .UNSPECIFIED. ) 
 CURVE ( )  GEOMETRIC_REPRESENTATION_ITEM ( )  RATIONAL_B_SPLINE_CURVE ( ( 1.000000000000000000, 0.7222282434171000132, 1.000000000000000000 ) ) 
 REPRESENTATION_ITEM ( '' )  );
#183 = EDGE_CURVE ( 'NONE', #1543, #103, #2360, .T. ) ;
#184 = CYLINDRICAL_SURFACE ( 'NONE', #609, 0.05999999999999994227 ) ;
#185 = VERTEX_POINT ( 'NONE', #753 ) ;
#186 = EDGE_CURVE ( 'NONE', #1948, #2394, #2523, .T. ) ;
#187 = DIRECTION ( 'NONE',  ( 0.000000000000000000, 0.2079116908177600365, -0.9781476007338055778 ) ) ;
#188 = ORIENTED_EDGE ( 'NONE', *, *, #828, .T. ) ;
#189 = AXIS2_PLACEMENT_3D ( 'NONE', #1500, #2229, #2601 ) ;
#190 = VERTEX_POINT ( 'NONE', #1597 ) ;
#191 = CARTESIAN_POINT ( 'NONE',  ( 0.7954967095456896287, 1.099999999999992095, -0.4204967095456894621 ) ) ;
#192 = CARTESIAN_POINT ( 'NONE',  ( -0.9999999999999995559, 0.6599999999999918154, 0.6250000000000000000 ) ) ;
#193 = EDGE_CURVE ( 'NONE', #480, #2467, #1703, .T. ) ;
#194 = DIRECTION ( 'NONE',  ( 0.000000000000000000, 0.000000000000000000, -1.000000000000000000 ) ) ;
#195 = VECTOR ( 'NONE', #2058, 1000.000000000000000 ) ;
#196 = CARTESIAN_POINT ( 'NONE',  ( -0.5374999999999999778, 0.6152264231633740588, 0.6853370972781808179 ) ) ;
#197 = EDGE_CURVE ( 'NONE', #1888, #2691, #510, .T. ) ;
#198 = ORIENTED_EDGE ( 'NONE', *, *, #958, .T. ) ;
#199 = CIRCLE ( 'NONE', #2572, 0.1000000000000000472 ) ;
#200 = VECTOR ( 'NONE', #745, 1000.000000000000000 ) ;
#201 = DIRECTION ( 'NONE',  ( 0.000000000000000000, -1.000000000000000000, 0.000000000000000000 ) ) ;
#202 = ORIENTED_EDGE ( 'NONE', *, *, #2638, .T. ) ;
#203 = CIRCLE ( 'NONE', #160, 0.05000000000000002359 ) ;
#204 = EDGE_LOOP ( 'NONE', ( #818, #933, #2373, #1651 ) ) ;
#205 = DIRECTION ( 'NONE',  ( -1.000000000000000000, -0.000000000000000000, -0.000000000000000000 ) ) ;
#206 = CARTESIAN_POINT ( 'NONE',  ( 0.7999999999999999334, 0.6099999999999918820, 0.6356110025097669869 ) ) ;
#207 = EDGE_LOOP ( 'NONE', ( #846, #2188, #2591, #217 ) ) ;
#208 = PLANE ( 'NONE',  #2704 ) ;
#209 = CARTESIAN_POINT ( 'NONE',  ( -0.7954967095456894066, 1.020791169081767924, 0.5183114696190700421 ) ) ;
#210 = CARTESIAN_POINT ( 'NONE',  ( -0.5374999999999999778, 2.710505431213761085E-17, -0.8850606066446772280 ) ) ;
#211 = ORIENTED_EDGE ( 'NONE', *, *, #658, .T. ) ;
#212 = AXIS2_PLACEMENT_3D ( 'NONE', #1642, #707, #2278 ) ;
#213 = CARTESIAN_POINT ( 'NONE',  ( -0.6754967095456894111, 1.049999999999992051, 0.2404967095456895521 ) ) ;
#214 =( BOUNDED_CURVE ( )  B_SPLINE_CURVE ( 2, ( #1673, #1206, #1472 ),
 .UNSPECIFIED., .F., .F. ) 
 B_SPLINE_CURVE_WITH_KNOTS ( ( 3, 3 ),
 ( 0.000000000000000000, 1.000000000000000000 ),
 .UNSPECIFIED. ) 
 CURVE ( )  GEOMETRIC_REPRESENTATION_ITEM ( )  RATIONAL_B_SPLINE_CURVE ( ( 1.000000000000000000, 0.7176885430348760586, 1.000000000000000000 ) ) 
 REPRESENTATION_ITEM ( '' )  );
#215 = ORIENTED_EDGE ( 'NONE', *, *, #1946, .F. ) ;
#216 = AXIS2_PLACEMENT_3D ( 'NONE', #2186, #1034, #354 ) ;
#217 = ORIENTED_EDGE ( 'NONE', *, *, #1487, .T. ) ;
#218 = CARTESIAN_POINT ( 'NONE',  ( 0.8173469276855311882, 0.1999999999999921285, -0.4423469276855314103 ) ) ;
#219 = DIRECTION ( 'NONE',  ( 1.000000000000000000, 0.000000000000000000, 0.000000000000000000 ) ) ;
#220 = ORIENTED_EDGE ( 'NONE', *, *, #2811, .F. ) ;
#221 = ADVANCED_FACE ( 'NONE', ( #96 ), #270, .T. ) ;
#222 = CARTESIAN_POINT ( 'NONE',  ( -0.9451126669287466253, 0.7770856965116286208, 0.5212052868920564741 ) ) ;
#223 = CYLINDRICAL_SURFACE ( 'NONE', #1826, 0.1000000000000000472 ) ;
#224 = VERTEX_POINT ( 'NONE', #2264 ) ;
#225 = AXIS2_PLACEMENT_3D ( 'NONE', #1495, #589, #1929 ) ;
#226 = DIRECTION ( 'NONE',  ( 1.000000000000000000, 0.000000000000000000, -0.000000000000000000 ) ) ;
#227 = ADVANCED_FACE ( 'NONE', ( #126 ), #1253, .T. ) ;
#228 = CARTESIAN_POINT ( 'NONE',  ( -0.8933114696190699311, 1.020791169081767924, -0.5950000000000000844 ) ) ;
#229 = VERTEX_POINT ( 'NONE', #2359 ) ;
#230 = EDGE_LOOP ( 'NONE', ( #1108, #405, #2257, #1266 ) ) ;
#231 = CARTESIAN_POINT ( 'NONE',  ( -0.8962052868920562521, 0.7770856965116286208, -0.5701126669287468474 ) ) ;
#232 = EDGE_CURVE ( 'NONE', #2410, #1485, #2344, .T. ) ;
#233 = CARTESIAN_POINT ( 'NONE',  ( -0.9999999999999995559, 0.6599999999999918154, 0.6250000000000000000 ) ) ;
#234 = VERTEX_POINT ( 'NONE', #342 ) ;
#235 = DIRECTION ( 'NONE',  ( 0.000000000000000000, 1.000000000000000000, 0.000000000000000000 ) ) ;
#236 = FILL_AREA_STYLE_COLOUR ( '', #625 ) ;
#237 = FACE_OUTER_BOUND ( 'NONE', #298, .T. ) ;
#238 = CARTESIAN_POINT ( 'NONE',  ( -0.7624999999999999556, 0.6099999999999918820, -0.6356110025097669869 ) ) ;
#239 = EDGE_LOOP ( 'NONE', ( #35, #1123 ) ) ;
#240 = CARTESIAN_POINT ( 'NONE',  ( -0.5374999999999999778, 0.6599999999999919265, -0.6356110025097669869 ) ) ;
#241 =( NAMED_UNIT ( * ) SI_UNIT ( $, .STERADIAN. ) SOLID_ANGLE_UNIT ( ) );
#242 = VECTOR ( 'NONE', #1546, 1000.000000000000000 ) ;
#243 = EDGE_CURVE ( 'NONE', #1285, #832, #1890, .T. ) ;
#244 = ORIENTED_EDGE ( 'NONE', *, *, #1594, .T. ) ;
#245 = DIRECTION ( 'NONE',  ( 0.000000000000000000, 0.000000000000000000, -1.000000000000000000 ) ) ;
#246 = DIRECTION ( 'NONE',  ( 0.9781476007338055778, 0.2079116908177597867, 0.000000000000000000 ) ) ;
#247 = VERTEX_POINT ( 'NONE', #2557 ) ;
#248 = AXIS2_PLACEMENT_3D ( 'NONE', #2116, #2797, #1699 ) ;
#249 =( GEOMETRIC_REPRESENTATION_CONTEXT ( 3 ) GLOBAL_UNCERTAINTY_ASSIGNED_CONTEXT ( ( #1159 ) ) GLOBAL_UNIT_ASSIGNED_CONTEXT ( ( #838, #1727, #410 ) ) REPRESENTATION_CONTEXT ( 'NONE', 'WORKASPACE' ) );
#250 = EDGE_LOOP ( 'NONE', ( #211, #1393, #2039 ) ) ;
#251 = PLANE ( 'NONE',  #382 ) ;
#252 = CARTESIAN_POINT ( 'NONE',  ( 0.9202253338574934993, 0.8941713930232652041, -0.4474105737841130304 ) ) ;
#253 = CIRCLE ( 'NONE', #2435, 0.01000000000000002623 ) ;
#254 = CARTESIAN_POINT ( 'NONE',  ( 0.7999999999999999334, 0.1400000000000000133, 1.050000000000000044 ) ) ;
#255 = VERTEX_POINT ( 'NONE', #1021 ) ;
#256 = CARTESIAN_POINT ( 'NONE',  ( 0.9419633775902563899, 0.3308579584555995656, -0.5669633775902569450 ) ) ;
#257 = EDGE_CURVE ( 'NONE', #1530, #2747, #580, .T. ) ;
#258 = DIRECTION ( 'NONE',  ( -1.000000000000000000, -0.000000000000000000, -0.000000000000000000 ) ) ;
#259 = AXIS2_PLACEMENT_3D ( 'NONE', #36, #501, #1190 ) ;
#260 = ORIENTED_EDGE ( 'NONE', *, *, #243, .F. ) ;
#261 = CARTESIAN_POINT ( 'NONE',  ( 0.2000000000000000389, 0.1343207305098530480, 0.7358823223394361790 ) ) ;
#262 = ORIENTED_EDGE ( 'NONE', *, *, #464, .F. ) ;
#263 = VERTEX_POINT ( 'NONE', #1223 ) ;
#264 = CARTESIAN_POINT ( 'NONE',  ( -0.5374999999999999778, 0.6152264231633740588, -0.6853370972781808179 ) ) ;
#265 =( NAMED_UNIT ( * ) PLANE_ANGLE_UNIT ( ) SI_UNIT ( $, .RADIAN. ) );
#266 = LINE ( 'NONE', #1827, #1554 ) ;
#267 = ORIENTED_EDGE ( 'NONE', *, *, #1306, .T. ) ;
#268 = EDGE_CURVE ( 'NONE', #1721, #728, #798, .T. ) ;
#269 = EDGE_CURVE ( 'NONE', #1794, #1555, #356, .T. ) ;
#270 = SPHERICAL_SURFACE ( 'NONE', #2120, 0.1000000000000000056 ) ;
#271 = DIRECTION ( 'NONE',  ( -0.000000000000000000, -0.000000000000000000, -1.000000000000000000 ) ) ;
#272 = EDGE_CURVE ( 'NONE', #190, #2735, #2718, .T. ) ;
#273 = CARTESIAN_POINT ( 'NONE',  ( -0.5374999999999999778, 0.000000000000000000, 1.050000000000000044 ) ) ;
#274 = CARTESIAN_POINT ( 'NONE',  ( -0.9231826194452010803, 0.5036031015027435664, -0.5974230070958118644 ) ) ;
#275 = ORIENTED_EDGE ( 'NONE', *, *, #1007, .T. ) ;
#276 = ORIENTED_EDGE ( 'NONE', *, *, #1385, .F. ) ;
#277 = DIRECTION ( 'NONE',  ( 0.000000000000000000, -0.000000000000000000, -1.000000000000000000 ) ) ;
#278 = CARTESIAN_POINT ( 'NONE',  ( -0.9999999999999995559, 0.6599999999999919265, -0.6250000000000000000 ) ) ;
#279 = AXIS2_PLACEMENT_3D ( 'NONE', #399, #2828, #1363 ) ;
#280 = ADVANCED_FACE ( 'NONE', ( #2326 ), #1442, .F. ) ;
#281 = DIRECTION ( 'NONE',  ( 1.000000000000000000, -0.000000000000000000, 0.000000000000000000 ) ) ;
#282 = CARTESIAN_POINT ( 'NONE',  ( -0.6754967095456894111, 0.8802943725152209131, 0.3004967095456894666 ) ) ;
#283 = ORIENTED_EDGE ( 'NONE', *, *, #257, .T. ) ;
#284 = CARTESIAN_POINT ( 'NONE',  ( 0.9709816887951281394, 0.4954289792277958293, -0.5959816887951284725 ) ) ;
#285 = CARTESIAN_POINT ( 'NONE',  ( -0.8173469276855311882, 0.1999999999999921285, 0.4423469276855315213 ) ) ;
#286 = AXIS2_PLACEMENT_3D ( 'NONE', #1152, #2446, #523 ) ;
#287 = DIRECTION ( 'NONE',  ( -0.000000000000000000, -0.000000000000000000, -1.000000000000000000 ) ) ;
#288 = CARTESIAN_POINT ( 'NONE',  ( -0.9202253338574934993, 0.8941713930232652041, -0.4474105737841130304 ) ) ;
#289 = VECTOR ( 'NONE', #1568, 1000.000000000000000 ) ;
#290 = VERTEX_POINT ( 'NONE', #2773 ) ;
#291 = COLOUR_RGB ( '',0.7921568627450980005, 0.8196078431372548767, 0.9333333333333333481 ) ;
#292 = VERTEX_POINT ( 'NONE', #2080 ) ;
#293 = DIRECTION ( 'NONE',  ( 0.000000000000000000, -0.9945218953682740670, 0.1045284632676467262 ) ) ;
#294 = AXIS2_PLACEMENT_3D ( 'NONE', #282, #1392, #1670 ) ;
#295 = CARTESIAN_POINT ( 'NONE',  ( -1.000000000000000000, 0.6599999999999919265, -0.6250000000000000000 ) ) ;
#296 = AXIS2_PLACEMENT_3D ( 'NONE', #1503, #187, #2869 ) ;
#297 = DIRECTION ( 'NONE',  ( 0.000000000000000000, -0.000000000000000000, -1.000000000000000000 ) ) ;
#298 = EDGE_LOOP ( 'NONE', ( #608, #606, #1360, #2633 ) ) ;
#299 = DIRECTION ( 'NONE',  ( 0.000000000000000000, 1.540740080799961609E-15, -1.000000000000000000 ) ) ;
#300 = CARTESIAN_POINT ( 'NONE',  ( -0.8892584072847291576, 1.039859328175500419, -0.5142584072847292687 ) ) ;
#301 = LINE ( 'NONE', #57, #2189 ) ;
#302 = EDGE_CURVE ( 'NONE', #2722, #132, #993, .T. ) ;
#303 = DIRECTION ( 'NONE',  ( -1.000000000000000000, -0.000000000000000000, 0.000000000000000000 ) ) ;
#304 = ORIENTED_EDGE ( 'NONE', *, *, #1939, .F. ) ;
#305 = ORIENTED_EDGE ( 'NONE', *, *, #1385, .T. ) ;
#306 = CARTESIAN_POINT ( 'NONE',  ( 0.8933114696190700421, 1.020791169081767924, 0.4204967095456894066 ) ) ;
#307 = DIRECTION ( 'NONE',  ( 0.000000000000000000, 0.000000000000000000, -1.000000000000000000 ) ) ;
#308 = EDGE_CURVE ( 'NONE', #706, #1119, #1102, .T. ) ;
#309 = DIRECTION ( 'NONE',  ( 0.000000000000000000, -1.000000000000000000, 0.000000000000000000 ) ) ;
#310 = PLANE ( 'NONE',  #525 ) ;
#311 = AXIS2_PLACEMENT_3D ( 'NONE', #1742, #1303, #1682 ) ;
#312 = ORIENTED_EDGE ( 'NONE', *, *, #913, .F. ) ;
#313 = CARTESIAN_POINT ( 'NONE',  ( -0.8224105737841128638, 0.8941713930232652041, 0.5452253338574936103 ) ) ;
#314 = CARTESIAN_POINT ( 'NONE',  ( -1.000000000000000000, 0.1999999999999921285, -0.4423469276855314103 ) ) ;
#315 = CARTESIAN_POINT ( 'NONE',  ( 0.7999999999999999334, 0.1399999999999999856, 0.8850606066446772280 ) ) ;
#316 = CARTESIAN_POINT ( 'NONE',  ( -0.8463652388904023827, 0.3472062030054951509, -0.5698460141916237287 ) ) ;
#317 = CARTESIAN_POINT ( 'NONE',  ( 1.000000000000000000, 0.6599999999999919265, -0.6250000000000000000 ) ) ;
#318 = VERTEX_POINT ( 'NONE', #1446 ) ;
#319 = ADVANCED_FACE ( 'NONE', ( #2562 ), #1675, .T. ) ;
#320 = ORIENTED_EDGE ( 'NONE', *, *, #186, .T. ) ;
#321 = LINE ( 'NONE', #1057, #425 ) ;
#322 = LINE ( 'NONE', #2041, #901 ) ;
#323 =( LENGTH_UNIT ( ) NAMED_UNIT ( * ) SI_UNIT ( .MILLI., .METRE. ) );
#324 = DIRECTION ( 'NONE',  ( 1.000000000000000000, 0.000000000000000000, -0.000000000000000000 ) ) ;
#325 = CARTESIAN_POINT ( 'NONE',  ( 0.8463652388904023827, 0.3472062030054951509, 0.5698460141916237287 ) ) ;
#326 = ORIENTED_EDGE ( 'NONE', *, *, #1124, .T. ) ;
#327 = DIRECTION ( 'NONE',  ( 0.000000000000000000, 1.000000000000000000, 0.000000000000000000 ) ) ;
#328 =( GEOMETRIC_REPRESENTATION_CONTEXT ( 3 ) GLOBAL_UNCERTAINTY_ASSIGNED_CONTEXT ( ( #2699 ) ) GLOBAL_UNIT_ASSIGNED_CONTEXT ( ( #51, #456, #241 ) ) REPRESENTATION_CONTEXT ( 'NONE', 'WORKASPACE' ) );
#329 = DIRECTION ( 'NONE',  ( 1.000000000000000000, 0.000000000000000000, 0.000000000000000000 ) ) ;
#330 = CARTESIAN_POINT ( 'NONE',  ( -0.8933114696190700421, 1.020791169081767924, -0.4204967095456894066 ) ) ;
#331 = CARTESIAN_POINT ( 'NONE',  ( 0.7954967095456895176, 1.020791169081767924, 0.5183114696190700421 ) ) ;
#332 = PLANE ( 'NONE',  #443 ) ;
#333 = EDGE_LOOP ( 'NONE', ( #1736, #1666, #16, #703 ) ) ;
#334 = AXIS2_PLACEMENT_3D ( 'NONE', #1820, #1194, #1210 ) ;
#335 = VERTEX_POINT ( 'NONE', #551 ) ;
#336 = CARTESIAN_POINT ( 'NONE',  ( -0.8173469276855311882, 0.1999999999999921285, 0.4423469276855314658 ) ) ;
#337 = LINE ( 'NONE', #2552, #1649 ) ;
#338 = AXIS2_PLACEMENT_3D ( 'NONE', #43, #2473, #462 ) ;
#339 = CARTESIAN_POINT ( 'NONE',  ( 0.7625000000000001776, 0.6298604080208444200, -0.8245701626297392561 ) ) ;
#340 = CARTESIAN_POINT ( 'NONE',  ( 0.7625000000000001776, 0.6099999999999918820, -0.6356110025097669869 ) ) ;
#341 = ORIENTED_EDGE ( 'NONE', *, *, #1130, .F. ) ;
#342 = CARTESIAN_POINT ( 'NONE',  ( 0.7999999999999999334, 0.6298604080208444200, 0.8245701626297392561 ) ) ;
#343 = STYLED_ITEM ( 'NONE', ( #18 ), #597 ) ;
#344 = DIRECTION ( 'NONE',  ( -1.000000000000000000, -0.000000000000000000, 0.000000000000000000 ) ) ;
#345 = EDGE_CURVE ( 'NONE', #2833, #780, #1431, .T. ) ;
#346 = CARTESIAN_POINT ( 'NONE',  ( -0.8173469276855311882, 0.09999999999999213685, -0.4423469276855314103 ) ) ;
#347 = PLANE ( 'NONE',  #826 ) ;
#348 = ORIENTED_EDGE ( 'NONE', *, *, #800, .F. ) ;
#349 = ORIENTED_EDGE ( 'NONE', *, *, #2032, .F. ) ;
#350 = DIRECTION ( 'NONE',  ( 0.000000000000000000, -0.000000000000000000, 1.000000000000000000 ) ) ;
#351 = CARTESIAN_POINT ( 'NONE',  ( 0.7999999999999999334, 0.6599999999999919265, 0.6356110025097669869 ) ) ;
#352 = AXIS2_PLACEMENT_3D ( 'NONE', #2119, #1457, #1036 ) ;
#353 = DIRECTION ( 'NONE',  ( 0.000000000000000000, 0.000000000000000000, 1.000000000000000000 ) ) ;
#354 = DIRECTION ( 'NONE',  ( 1.000000000000000000, 0.000000000000000000, 0.000000000000000000 ) ) ;
#355 = ORIENTED_EDGE ( 'NONE', *, *, #2846, .T. ) ;
#356 = LINE ( 'NONE', #2135, #1010 ) ;
#357 = EDGE_CURVE ( 'NONE', #2861, #2598, #2316, .T. ) ;
#358 = ADVANCED_FACE ( 'NONE', ( #116 ), #332, .F. ) ;
#359 = FACE_OUTER_BOUND ( 'NONE', #1051, .T. ) ;
#360 = CARTESIAN_POINT ( 'NONE',  ( -0.9699999999999998623, 0.6599999999999919265, -0.5950000000000000844 ) ) ;
#361 = EDGE_CURVE ( 'NONE', #2292, #1555, #2332, .T. ) ;
#362 = DIRECTION ( 'NONE',  ( 0.1736481776669307198, 0.9848077530122080203, 0.000000000000000000 ) ) ;
#363 = ORIENTED_EDGE ( 'NONE', *, *, #896, .T. ) ;
#364 = ORIENTED_EDGE ( 'NONE', *, *, #2422, .T. ) ;
#365 = CARTESIAN_POINT ( 'NONE',  ( 0.7999999999999999334, 0.1489547153673235758, 0.8751153876909943952 ) ) ;
#366 = VECTOR ( 'NONE', #1070, 1000.000000000000000 ) ;
#367 = CARTESIAN_POINT ( 'NONE',  ( -0.5374999999999999778, 2.710505431213761085E-17, 0.8850606066446772280 ) ) ;
#368 = DIRECTION ( 'NONE',  ( -1.000000000000000000, -0.000000000000000000, -0.000000000000000000 ) ) ;
#369 = VERTEX_POINT ( 'NONE', #1258 ) ;
#370 = ADVANCED_FACE ( 'NONE', ( #2733 ), #1664, .T. ) ;
#371 = DIRECTION ( 'NONE',  ( -0.000000000000000000, -0.000000000000000000, -1.000000000000000000 ) ) ;
#372 = PRESENTATION_LAYER_ASSIGNMENT (  '', '', ( #885 ) ) ;
#373 = LINE ( 'NONE', #172, #2577 ) ;
#374 = CARTESIAN_POINT ( 'NONE',  ( -0.7624999999999999556, 0.7999999999999919398, -0.5652420813661968024 ) ) ;
#375 = ORIENTED_EDGE ( 'NONE', *, *, #2238, .F. ) ;
#376 = ORIENTED_EDGE ( 'NONE', *, *, #1594, .F. ) ;
#377 = DIRECTION ( 'NONE',  ( 1.000000000000000000, -0.000000000000000000, -0.000000000000000000 ) ) ;
#378 = LINE ( 'NONE', #1081, #86 ) ;
#379 = CARTESIAN_POINT ( 'NONE',  ( -0.7624999999999999556, 0.6099999999999918820, -0.6356110025097669869 ) ) ;
#380 = ORIENTED_EDGE ( 'NONE', *, *, #1904, .T. ) ;
#381 = CIRCLE ( 'NONE', #1876, 0.1900000000000001688 ) ;
#382 = AXIS2_PLACEMENT_3D ( 'NONE', #2497, #1823, #293 ) ;
#383 = CARTESIAN_POINT ( 'NONE',  ( 0.9699999999999999734, 0.6599999999999918154, -0.5950000000000000844 ) ) ;
#384 = EDGE_LOOP ( 'NONE', ( #1271, #805, #416, #168 ) ) ;
#385 = EDGE_CURVE ( 'NONE', #2001, #1485, #1462, .T. ) ;
#386 = CIRCLE ( 'NONE', #2619, 0.1900000000000001688 ) ;
#387 = CARTESIAN_POINT ( 'NONE',  ( -0.5374999999999999778, 0.1400000000000000133, 0.8850606066446772280 ) ) ;
#388 = AXIS2_PLACEMENT_3D ( 'NONE', #315, #1193, #2093 ) ;
#389 = DIRECTION ( 'NONE',  ( -1.000000000000000000, -0.000000000000000000, 0.000000000000000000 ) ) ;
#390 = ORIENTED_EDGE ( 'NONE', *, *, #1306, .F. ) ;
#391 = ORIENTED_EDGE ( 'NONE', *, *, #2840, .F. ) ;
#392 = CARTESIAN_POINT ( 'NONE',  ( -0.7624999999999999556, 0.1489547153673235758, 0.8751153876909943952 ) ) ;
#393 = EDGE_CURVE ( 'NONE', #2044, #2722, #1245, .T. ) ;
#394 = CARTESIAN_POINT ( 'NONE',  ( -0.7624999999999999556, 0.7999999999999919398, 0.5652420813661968024 ) ) ;
#395 = FACE_OUTER_BOUND ( 'NONE', #333, .T. ) ;
#396 = DIRECTION ( 'NONE',  ( -1.000000000000000000, -0.000000000000000000, -0.000000000000000000 ) ) ;
#397 = EDGE_LOOP ( 'NONE', ( #376, #1579, #2437 ) ) ;
#398 = ADVANCED_FACE ( 'NONE', ( #1195 ), #2548, .F. ) ;
#399 = CARTESIAN_POINT ( 'NONE',  ( 0.7625000000000001776, 0.6152264231633740588, -0.6853370972781807069 ) ) ;
#400 = VERTEX_POINT ( 'NONE', #741 ) ;
#401 = PRODUCT_DEFINITION ( 'UNKNOWN', '', #2281, #54 ) ;
#402 = LINE ( 'NONE', #1760, #902 ) ;
#403 = ORIENTED_EDGE ( 'NONE', *, *, #1863, .T. ) ;
#404 = CLOSED_SHELL ( 'NONE', ( #82, #575, #484, #370, #358, #610, #2337, #398, #1486, #1774, #864, #752, #914, #171 ) ) ;
#405 = ORIENTED_EDGE ( 'NONE', *, *, #477, .F. ) ;
#406 = CARTESIAN_POINT ( 'NONE',  ( 0.8463652388904023827, 0.3472062030054951509, 0.5698460141916237287 ) ) ;
#407 = CARTESIAN_POINT ( 'NONE',  ( 0.8224105737841128638, 0.8941713930232652041, 0.5452253338574936103 ) ) ;
#408 = EDGE_CURVE ( 'NONE', #2691, #1982, #2213, .T. ) ;
#409 = CYLINDRICAL_SURFACE ( 'NONE', #574, 0.05999999999999994227 ) ;
#410 =( NAMED_UNIT ( * ) SI_UNIT ( $, .STERADIAN. ) SOLID_ANGLE_UNIT ( ) );
#411 = CARTESIAN_POINT ( 'NONE',  ( -0.7624999999999999556, 0.1489547153673235758, -0.8751153876909943952 ) ) ;
#412 = ORIENTED_EDGE ( 'NONE', *, *, #617, .T. ) ;
#413 = CARTESIAN_POINT ( 'NONE',  ( 0.7625000000000001776, 0.6099999999999918820, -0.6356110025097669869 ) ) ;
#414 = CIRCLE ( 'NONE', #795, 0.1900000000000001688 ) ;
#415 = ORIENTED_EDGE ( 'NONE', *, *, #648, .T. ) ;
#416 = ORIENTED_EDGE ( 'NONE', *, *, #735, .T. ) ;
#417 = CARTESIAN_POINT ( 'NONE',  ( 0.7954967095456894066, 0.9999999999999920064, 0.4204967095456894621 ) ) ;
#418 = DIRECTION ( 'NONE',  ( 1.000000000000000000, 0.000000000000000000, -0.000000000000000000 ) ) ;
#419 = CARTESIAN_POINT ( 'NONE',  ( 0.8933114696190701531, 1.020791169081767924, 0.4204967095456893511 ) ) ;
#420 = CARTESIAN_POINT ( 'NONE',  ( -0.9202253338574934993, 0.8941713930232652041, 0.4474105737841130304 ) ) ;
#421 = AXIS2_PLACEMENT_3D ( 'NONE', #776, #1390, #1451 ) ;
#422 = DIRECTION ( 'NONE',  ( -1.000000000000000000, -0.000000000000000000, 0.000000000000000000 ) ) ;
#423 = ORIENTED_EDGE ( 'NONE', *, *, #2204, .F. ) ;
#424 = CIRCLE ( 'NONE', #942, 0.01000000000000002623 ) ;
#425 = VECTOR ( 'NONE', #1941, 1000.000000000000000 ) ;
#426 = CARTESIAN_POINT ( 'NONE',  ( -0.9699999999999999734, 0.6599999999999919265, 0.5950000000000000844 ) ) ;
#427 = VECTOR ( 'NONE', #953, 1000.000000000000000 ) ;
#428 = VERTEX_POINT ( 'NONE', #2765 ) ;
#429 = AXIS2_PLACEMENT_3D ( 'NONE', #2675, #1819, #725 ) ;
#430 = ORIENTED_EDGE ( 'NONE', *, *, #144, .T. ) ;
#431 = CARTESIAN_POINT ( 'NONE',  ( 0.8463652388904023827, 0.3472062030054951509, -0.5698460141916237287 ) ) ;
#432 = CARTESIAN_POINT ( 'NONE',  ( -0.9448460141916231736, 0.3472062030054952064, 0.4713652388904029933 ) ) ;
#433 = APPLICATION_CONTEXT ( 'automotive_design' ) ;
#434 = PLANE ( 'NONE',  #852 ) ;
#435 = DIRECTION ( 'NONE',  ( 0.000000000000000000, -0.9945218953682740670, 0.1045284632676461017 ) ) ;
#436 = EDGE_CURVE ( 'NONE', #1960, #185, #1433, .T. ) ;
#437 = DIRECTION ( 'NONE',  ( 0.000000000000000000, 0.000000000000000000, 1.000000000000000000 ) ) ;
#438 = ORIENTED_EDGE ( 'NONE', *, *, #828, .F. ) ;
#439 = CARTESIAN_POINT ( 'NONE',  ( 0.7999999999999999334, 0.000000000000000000, 1.050000000000000044 ) ) ;
#440 = EDGE_CURVE ( 'NONE', #2127, #41, #2727, .T. ) ;
#441 = CARTESIAN_POINT ( 'NONE',  ( 0.9700000000000001954, 1.020791169081767924, 0.5183114696190700421 ) ) ;
#442 = VERTEX_POINT ( 'NONE', #1650 ) ;
#443 = AXIS2_PLACEMENT_3D ( 'NONE', #1211, #586, #1476 ) ;
#444 = EDGE_LOOP ( 'NONE', ( #2874, #1545, #2705, #922 ) ) ;
#445 = CARTESIAN_POINT ( 'NONE',  ( -0.5374999999999999778, 0.7999999999999920508, 0.6356110025097669869 ) ) ;
#446 = FACE_OUTER_BOUND ( 'NONE', #1501, .T. ) ;
#447 = ORIENTED_EDGE ( 'NONE', *, *, #958, .F. ) ;
#448 = DIRECTION ( 'NONE',  ( 0.000000000000000000, 0.000000000000000000, -1.000000000000000000 ) ) ;
#449 = CARTESIAN_POINT ( 'NONE',  ( -0.9699999999999998623, 0.6599999999999919265, 0.5950000000000000844 ) ) ;
#450 = DIRECTION ( 'NONE',  ( -1.000000000000000000, -0.000000000000000000, -0.000000000000000000 ) ) ;
#451 = LINE ( 'NONE', #2405, #2149 ) ;
#452 = ORIENTED_EDGE ( 'NONE', *, *, #2239, .F. ) ;
#453 = AXIS2_PLACEMENT_3D ( 'NONE', #1680, #572, #1466 ) ;
#454 = ADVANCED_FACE ( 'NONE', ( #1862 ), #347, .T. ) ;
#455 = CARTESIAN_POINT ( 'NONE',  ( 0.7999999999999999334, 0.6599999999999919265, 0.5950000000000000844 ) ) ;
#456 =( NAMED_UNIT ( * ) PLANE_ANGLE_UNIT ( ) SI_UNIT ( $, .RADIAN. ) );
#457 = ORIENTED_EDGE ( 'NONE', *, *, #2190, .F. ) ;
#458 = LINE ( 'NONE', #1846, #1418 ) ;
#459 = CARTESIAN_POINT ( 'NONE',  ( -0.9129450663853851955, 0.1662869376834033297, 0.5379450663853855286 ) ) ;
#460 = AXIS2_PLACEMENT_3D ( 'NONE', #285, #2063, #957 ) ;
#461 = ORIENTED_EDGE ( 'NONE', *, *, #1085, .T. ) ;
#462 = DIRECTION ( 'NONE',  ( 0.000000000000000000, 0.000000000000000000, 1.000000000000000000 ) ) ;
#463 = DIRECTION ( 'NONE',  ( 0.000000000000000000, 1.000000000000000000, 0.000000000000000000 ) ) ;
#464 = EDGE_CURVE ( 'NONE', #987, #1247, #537, .T. ) ;
#465 = CARTESIAN_POINT ( 'NONE',  ( 0.9158277029867523122, 0.1826351822332990260, -0.5262568908032594361 ) ) ;
#466 = ORIENTED_EDGE ( 'NONE', *, *, #2329, .T. ) ;
#467 = CARTESIAN_POINT ( 'NONE',  ( 0.7625000000000001776, 0.6152264231633740588, -0.6853370972781808179 ) ) ;
#468 = VECTOR ( 'NONE', #2079, 1000.000000000000000 ) ;
#469 = SURFACE_SIDE_STYLE ('',( #1598 ) ) ;
#470 = EDGE_CURVE ( 'NONE', #1982, #1948, #594, .T. ) ;
#471 = PRESENTATION_LAYER_ASSIGNMENT (  '', '', ( #2150 ) ) ;
#472 = AXIS2_PLACEMENT_3D ( 'NONE', #273, #1630, #2468 ) ;
#473 = ORIENTED_EDGE ( 'NONE', *, *, #2859, .T. ) ;
#474 = DIRECTION ( 'NONE',  ( -1.000000000000000000, -0.000000000000000000, 0.000000000000000000 ) ) ;
#475 = FACE_OUTER_BOUND ( 'NONE', #2128, .T. ) ;
#476 = CIRCLE ( 'NONE', #1279, 0.1000000000000000472 ) ;
#477 = EDGE_CURVE ( 'NONE', #29, #1794, #811, .T. ) ;
#478 = STYLED_ITEM ( 'NONE', ( #1997 ), #593 ) ;
#479 = EDGE_CURVE ( 'NONE', #2382, #1785, #2610, .T. ) ;
#480 = VERTEX_POINT ( 'NONE', #2357 ) ;
#481 = CARTESIAN_POINT ( 'NONE',  ( -0.9699999999999999734, 0.6599999999999919265, -0.5950000000000000844 ) ) ;
#482 = CARTESIAN_POINT ( 'NONE',  ( 0.7999999999999999334, 0.6599999999999919265, 0.5950000000000000844 ) ) ;
#483 = ORIENTED_EDGE ( 'NONE', *, *, #1239, .F. ) ;
#484 = ADVANCED_FACE ( 'NONE', ( #1972 ), #2839, .F. ) ;
#485 = CARTESIAN_POINT ( 'NONE',  ( 0.9699999999999999734, 0.6599999999999919265, -0.5950000000000000844 ) ) ;
#486 = CARTESIAN_POINT ( 'NONE',  ( -0.5374999999999999778, 0.1400000000000000133, 1.050000000000000044 ) ) ;
#487 = AXIS2_PLACEMENT_3D ( 'NONE', #1143, #2074, #80 ) ;
#488 = FACE_OUTER_BOUND ( 'NONE', #1902, .T. ) ;
#489 = CARTESIAN_POINT ( 'NONE',  ( 0.7625000000000001776, 0.000000000000000000, -0.8850606066446772280 ) ) ;
#490 = EDGE_CURVE ( 'NONE', #2030, #2044, #2216, .T. ) ;
#491 = ORIENTED_EDGE ( 'NONE', *, *, #2564, .F. ) ;
#492 = ORIENTED_EDGE ( 'NONE', *, *, #1430, .T. ) ;
#493 = FACE_OUTER_BOUND ( 'NONE', #1518, .T. ) ;
#494 = CARTESIAN_POINT ( 'NONE',  ( 0.7999999999999999334, 0.1499999999999999944, 0.8850606066446772280 ) ) ;
#495 = PRESENTATION_STYLE_ASSIGNMENT (( #2028 ) ) ;
#496 = EDGE_CURVE ( 'NONE', #1671, #2343, #2589, .T. ) ;
#497 = CARTESIAN_POINT ( 'NONE',  ( -0.5374999999999999778, 0.1499999999999999944, -0.8850606066446772280 ) ) ;
#498 = VECTOR ( 'NONE', #1937, 1000.000000000000000 ) ;
#499 = CYLINDRICAL_SURFACE ( 'NONE', #294, 0.05999999999999994227 ) ;
#500 = ORIENTED_EDGE ( 'NONE', *, *, #2208, .T. ) ;
#501 = DIRECTION ( 'NONE',  ( -0.9848077530122080203, -0.1736481776669307198, 3.416738256948492844E-16 ) ) ;
#502 = FACE_OUTER_BOUND ( 'NONE', #1078, .T. ) ;
#503 = CARTESIAN_POINT ( 'NONE',  ( -0.5374999999999999778, 0.6298604080208444200, -0.8245701626297392561 ) ) ;
#504 = PLANE ( 'NONE',  #334 ) ;
#505 = ORIENTED_EDGE ( 'NONE', *, *, #1098, .F. ) ;
#506 = ORIENTED_EDGE ( 'NONE', *, *, #1326, .F. ) ;
#507 = FACE_OUTER_BOUND ( 'NONE', #2176, .T. ) ;
#508 = FACE_OUTER_BOUND ( 'NONE', #1750, .T. ) ;
#509 = COLOUR_RGB ( '',0.7921568627450980005, 0.8196078431372548767, 0.9333333333333333481 ) ;
#510 = B_SPLINE_CURVE_WITH_KNOTS ( 'NONE', 3,
 ( #1873, #546, #2479, #485 ),
 .UNSPECIFIED., .F., .F.,
 ( 4, 4 ),
 ( -1.746699282351180581E-06, 0.0003949036742083918573 ),
 .UNSPECIFIED. ) ;
#511 = DIRECTION ( 'NONE',  ( 1.000000000000000000, 0.000000000000000000, 0.000000000000000000 ) ) ;
#512 = DIRECTION ( 'NONE',  ( 0.000000000000000000, 0.9781476007338055778, 0.2079116908177600642 ) ) ;
#513 = EDGE_LOOP ( 'NONE', ( #1560, #1014, #1094, #520, #2648, #1807, #1493, #202, #2662, #2234, #2514, #2755 ) ) ;
#514 = CARTESIAN_POINT ( 'NONE',  ( 0.9999999999999995559, 0.6599999999999918154, -0.6250000000000000000 ) ) ;
#515 = CYLINDRICAL_SURFACE ( 'NONE', #2790, 0.1000000000000000472 ) ;
#516 = DIRECTION ( 'NONE',  ( -1.000000000000000000, -0.000000000000000000, -0.000000000000000000 ) ) ;
#517 = CARTESIAN_POINT ( 'NONE',  ( -0.9231826194452010803, 0.5036031015027435664, -0.5974230070958118644 ) ) ;
#518 = ADVANCED_FACE ( 'NONE', ( #851 ), #179, .T. ) ;
#519 = DIRECTION ( 'NONE',  ( 0.000000000000000000, 0.2079116908177598144, 0.9781476007338055778 ) ) ;
#520 = ORIENTED_EDGE ( 'NONE', *, *, #2024, .T. ) ;
#521 = ORIENTED_EDGE ( 'NONE', *, *, #357, .F. ) ;
#522 = CARTESIAN_POINT ( 'NONE',  ( -0.5374999999999999778, 0.1400000000000000133, 0.8850606066446772280 ) ) ;
#523 = DIRECTION ( 'NONE',  ( 1.000000000000000000, 0.000000000000000000, 5.421010862427519212E-16 ) ) ;
#524 =( NAMED_UNIT ( * ) PLANE_ANGLE_UNIT ( ) SI_UNIT ( $, .RADIAN. ) );
#525 = AXIS2_PLACEMENT_3D ( 'NONE', #1854, #2740, #2088 ) ;
#526 = VECTOR ( 'NONE', #1058, 1000.000000000000000 ) ;
#527 = DIRECTION ( 'NONE',  ( 0.000000000000000000, 0.000000000000000000, 1.000000000000000000 ) ) ;
#528 =( BOUNDED_SURFACE ( )  B_SPLINE_SURFACE ( 2, 3, ( 
 ( #2815, #1074, #1730, #383 ),
 ( #595, #2395, #155, #1293 ),
 ( #1517, #252, #2628, #607 ) ),
 .UNSPECIFIED., .F., .F., .T. ) 
 B_SPLINE_SURFACE_WITH_KNOTS ( ( 3, 3 ),
 ( 4, 4 ),
 ( 0.000000000000000000, 1.000000000000000000 ),
 ( -1.746699282351180581E-06, 0.0003949036742083918573 ),
 .UNSPECIFIED. ) 
 GEOMETRIC_REPRESENTATION_ITEM ( )  RATIONAL_B_SPLINE_SURFACE ( (
 ( 1.000000000000000000, 1.000000000000000000, 1.000000000000000000, 1.000000000000000000),
 ( 0.7222282434171000132, 0.7222282434171000132, 0.7222282434171000132, 0.7222282434171000132),
 ( 1.000000000000000000, 1.000000000000000000, 1.000000000000000000, 1.000000000000000000) ) ) 
 REPRESENTATION_ITEM ( '' )  SURFACE ( )  );
#529 = CARTESIAN_POINT ( 'NONE',  ( 0.9999999999999995559, 0.6599999999999918154, 0.6250000000000000000 ) ) ;
#530 = EDGE_LOOP ( 'NONE', ( #1676, #101, #2605, #693 ) ) ;
#531 = PLANE ( 'NONE',  #259 ) ;
#532 = CARTESIAN_POINT ( 'NONE',  ( -0.7624999999999999556, 0.000000000000000000, -0.8850606066446772280 ) ) ;
#533 = EDGE_CURVE ( 'NONE', #2374, #1514, #2626, .T. ) ;
#534 = CARTESIAN_POINT ( 'NONE',  ( -0.7954967095456894066, 1.020791169081767924, -0.5183114696190700421 ) ) ;
#535 = FACE_OUTER_BOUND ( 'NONE', #683, .T. ) ;
#536 = MANIFOLD_SOLID_BREP ( 'LPattern1', #1023 ) ;
#537 = LINE ( 'NONE', #2584, #1711 ) ;
#538 = EDGE_LOOP ( 'NONE', ( #2309, #1171, #871, #326 ) ) ;
#539 = EDGE_LOOP ( 'NONE', ( #877, #13, #620, #364 ) ) ;
#540 = FACE_OUTER_BOUND ( 'NONE', #2089, .T. ) ;
#541 = CARTESIAN_POINT ( 'NONE',  ( -0.7954967095456895176, 1.020791169081767924, 0.5183114696190700421 ) ) ;
#542 = APPLICATION_PROTOCOL_DEFINITION ( 'draft international standard', 'automotive_design', 1998, #433 ) ;
#543 = LINE ( 'NONE', #969, #427 ) ;
#544 = CARTESIAN_POINT ( 'NONE',  ( 0.9724230070958115313, 0.5036031015027435664, 0.5481826194452014134 ) ) ;
#545 = ORIENTED_EDGE ( 'NONE', *, *, #2345, .T. ) ;
#546 = CARTESIAN_POINT ( 'NONE',  ( 0.8224105737841128638, 0.8941713930232652041, -0.5452253338574936103 ) ) ;
#547 = CLOSED_SHELL ( 'NONE', ( #2469, #1011, #1059, #691, #1770, #1398, #1733, #2031, #70, #2630, #711, #53, #2600, #1473 ) ) ;
#548 = FACE_OUTER_BOUND ( 'NONE', #2615, .T. ) ;
#549 = DIRECTION ( 'NONE',  ( -1.000000000000000000, -0.000000000000000000, -0.000000000000000000 ) ) ;
#550 = CARTESIAN_POINT ( 'NONE',  ( -0.7624999999999999556, 0.7999999999999919398, -0.5652420813661968024 ) ) ;
#551 = CARTESIAN_POINT ( 'NONE',  ( -0.5374999999999999778, 0.1489547153673235758, -0.8751153876909943952 ) ) ;
#552 = VERTEX_POINT ( 'NONE', #619 ) ;
#553 =( BOUNDED_CURVE ( )  B_SPLINE_CURVE ( 2, ( #2320, #64, #2516 ),
 .UNSPECIFIED., .F., .T. ) 
 B_SPLINE_CURVE_WITH_KNOTS ( ( 3, 3 ),
 ( 0.000000000000000000, 1.000000000000000000 ),
 .UNSPECIFIED. ) 
 CURVE ( )  GEOMETRIC_REPRESENTATION_ITEM ( )  RATIONAL_B_SPLINE_CURVE ( ( 1.000000000000000000, 0.7176885430348760586, 1.000000000000000000 ) ) 
 REPRESENTATION_ITEM ( '' )  );
#554 = ORIENTED_EDGE ( 'NONE', *, *, #1219, .T. ) ;
#555 = FACE_OUTER_BOUND ( 'NONE', #1813, .T. ) ;
#556 = FACE_OUTER_BOUND ( 'NONE', #1653, .T. ) ;
#557 = DIRECTION ( 'NONE',  ( -1.000000000000000000, -0.000000000000000000, -0.000000000000000000 ) ) ;
#558 = CIRCLE ( 'NONE', #1677, 0.1900000000000001688 ) ;
#559 = FACE_OUTER_BOUND ( 'NONE', #2867, .T. ) ;
#560 = ORIENTED_EDGE ( 'NONE', *, *, #2553, .F. ) ;
#561 = ADVANCED_FACE ( 'NONE', ( #1526 ), #1072, .T. ) ;
#562 = CARTESIAN_POINT ( 'NONE',  ( -0.7624999999999999556, 0.6152264231633740588, 0.6853370972781807069 ) ) ;
#563 = VECTOR ( 'NONE', #2406, 1000.000000000000000 ) ;
#564 = CYLINDRICAL_SURFACE ( 'NONE', #1117, 0.1000000000000000472 ) ;
#565 = ADVANCED_FACE ( 'NONE', ( #2597 ), #1497, .F. ) ;
#566 = DIRECTION ( 'NONE',  ( 0.000000000000000000, 0.9945218953682740670, 0.1045284632676467401 ) ) ;
#567 = CARTESIAN_POINT ( 'NONE',  ( -0.5374999999999999778, 0.6599999999999919265, 0.5950000000000000844 ) ) ;
#568 = EDGE_LOOP ( 'NONE', ( #1822, #759, #2780, #1633 ) ) ;
#569 = AXIS2_PLACEMENT_3D ( 'NONE', #2269, #1161, #2482 ) ;
#570 = ORIENTED_EDGE ( 'NONE', *, *, #1898, .F. ) ;
#571 = CARTESIAN_POINT ( 'NONE',  ( -0.5374999999999999778, 0.1499999999999999944, -0.8850606066446772280 ) ) ;
#572 = DIRECTION ( 'NONE',  ( 0.000000000000000000, 1.000000000000000000, 0.000000000000000000 ) ) ;
#573 = VECTOR ( 'NONE', #287, 1000.000000000000000 ) ;
#574 = AXIS2_PLACEMENT_3D ( 'NONE', #1779, #235, #1126 ) ;
#575 = ADVANCED_FACE ( 'NONE', ( #1513 ), #2393, .F. ) ;
#576 = EDGE_CURVE ( 'NONE', #2317, #1327, #2215, .T. ) ;
#577 = DIRECTION ( 'NONE',  ( 0.000000000000000000, 0.000000000000000000, -1.000000000000000000 ) ) ;
#578 = DIRECTION ( 'NONE',  ( 0.000000000000000000, -1.540740080799961609E-15, -1.000000000000000000 ) ) ;
#579 = ORIENTED_EDGE ( 'NONE', *, *, #782, .F. ) ;
#580 = LINE ( 'NONE', #1903, #1980 ) ;
#581 = VECTOR ( 'NONE', #1922, 1000.000000000000000 ) ;
#582 = ADVANCED_FACE ( 'NONE', ( #1756 ), #2199, .F. ) ;
#583 = EDGE_CURVE ( 'NONE', #234, #255, #1540, .T. ) ;
#584 = DIRECTION ( 'NONE',  ( -1.000000000000000000, 0.000000000000000000, -0.000000000000000000 ) ) ;
#585 = CARTESIAN_POINT ( 'NONE',  ( 0.7999999999999999334, 0.000000000000000000, 1.050000000000000044 ) ) ;
#586 = DIRECTION ( 'NONE',  ( 0.000000000000000000, -0.1045284632676461295, -0.9945218953682741780 ) ) ;
#587 = ORIENTED_EDGE ( 'NONE', *, *, #2647, .F. ) ;
#588 = VERTEX_POINT ( 'NONE', #645 ) ;
#589 = DIRECTION ( 'NONE',  ( -3.469446951953614682E-16, 0.000000000000000000, -1.000000000000000000 ) ) ;
#590 = ADVANCED_FACE ( 'NONE', ( #1566 ), #1874, .T. ) ;
#591 = DIRECTION ( 'NONE',  ( -0.000000000000000000, -1.000000000000000000, 0.000000000000000000 ) ) ;
#592 = ORIENTED_EDGE ( 'NONE', *, *, #1949, .T. ) ;
#593 = MANIFOLD_SOLID_BREP ( 'Boss-Extrude3', #129 ) ;
#594 = CIRCLE ( 'NONE', #216, 0.1000000000000000472 ) ;
#595 = CARTESIAN_POINT ( 'NONE',  ( 0.8892584072847291576, 1.039859328175500419, -0.5142584072847292687 ) ) ;
#596 = LINE ( 'NONE', #1704, #1833 ) ;
#597 = MANIFOLD_SOLID_BREP ( 'Cut-Extrude1', #1531 ) ;
#598 = DIRECTION ( 'NONE',  ( 0.000000000000000000, 0.000000000000000000, 1.000000000000000000 ) ) ;
#599 = EDGE_LOOP ( 'NONE', ( #1665, #1365, #2399, #1073 ) ) ;
#600 = ORIENTED_EDGE ( 'NONE', *, *, #2381, .F. ) ;
#601 = CARTESIAN_POINT ( 'NONE',  ( -0.7624999999999999556, 0.6599999999999919265, -0.6356110025097669869 ) ) ;
#602 = DIRECTION ( 'NONE',  ( 0.000000000000000000, -0.9945218953682740670, 0.1045284632676465042 ) ) ;
#603 = AXIS2_PLACEMENT_3D ( 'NONE', #2391, #792, #1524 ) ;
#604 = DIRECTION ( 'NONE',  ( 0.000000000000000000, 0.000000000000000000, -1.000000000000000000 ) ) ;
#605 = EDGE_CURVE ( 'NONE', #2364, #2618, #1280, .T. ) ;
#606 = ORIENTED_EDGE ( 'NONE', *, *, #2411, .T. ) ;
#607 = CARTESIAN_POINT ( 'NONE',  ( 0.9699999999999999734, 0.6599999999999918154, -0.5950000000000000844 ) ) ;
#608 = ORIENTED_EDGE ( 'NONE', *, *, #272, .F. ) ;
#609 = AXIS2_PLACEMENT_3D ( 'NONE', #169, #2843, #1139 ) ;
#610 = ADVANCED_FACE ( 'NONE', ( #508 ), #1436, .F. ) ;
#611 =( LENGTH_UNIT ( ) NAMED_UNIT ( * ) SI_UNIT ( .MILLI., .METRE. ) );
#612 = ORIENTED_EDGE ( 'NONE', *, *, #2670, .T. ) ;
#613 = EDGE_LOOP ( 'NONE', ( #1409, #2351, #2646, #79 ) ) ;
#614 = VERTEX_POINT ( 'NONE', #278 ) ;
#615 = CARTESIAN_POINT ( 'NONE',  ( -0.7954967095456895176, 1.020791169081767924, -0.5183114696190700421 ) ) ;
#616 = LINE ( 'NONE', #365, #2599 ) ;
#617 = EDGE_CURVE ( 'NONE', #1802, #1683, #553, .T. ) ;
#618 = LINE ( 'NONE', #1915, #2524 ) ;
#619 = CARTESIAN_POINT ( 'NONE',  ( -0.5374999999999999778, 0.1400000000000000133, -1.050000000000000044 ) ) ;
#620 = ORIENTED_EDGE ( 'NONE', *, *, #1177, .T. ) ;
#621 = AXIS2_PLACEMENT_3D ( 'NONE', #1991, #2390, #2224 ) ;
#622 = CARTESIAN_POINT ( 'NONE',  ( -0.9158277029867518682, 0.1826351822332990260, 0.4423469276855315213 ) ) ;
#623 = ORIENTED_EDGE ( 'NONE', *, *, #1499, .T. ) ;
#624 = AXIS2_PLACEMENT_3D ( 'NONE', #2340, #2568, #136 ) ;
#625 = COLOUR_RGB ( '',1.000000000000000000, 1.000000000000000000, 1.000000000000000000 ) ;
#626 = DIRECTION ( 'NONE',  ( -1.000000000000000000, -0.000000000000000000, 0.000000000000000000 ) ) ;
#627 = VECTOR ( 'NONE', #2166, 1000.000000000000000 ) ;
#628 = EDGE_CURVE ( 'NONE', #614, #224, #337, .T. ) ;
#629 = ORIENTED_EDGE ( 'NONE', *, *, #2758, .T. ) ;
#630 = ORIENTED_EDGE ( 'NONE', *, *, #836, .F. ) ;
#631 = CARTESIAN_POINT ( 'NONE',  ( 0.9700000000000001954, 0.6599999999999919265, -0.5950000000000000844 ) ) ;
#632 = FACE_OUTER_BOUND ( 'NONE', #444, .T. ) ;
#633 = PLANE ( 'NONE',  #2105 ) ;
#634 = AXIS2_PLACEMENT_3D ( 'NONE', #1005, #1918, #1240 ) ;
#635 = DIRECTION ( 'NONE',  ( -1.000000000000000000, -0.000000000000000000, -0.000000000000000000 ) ) ;
#636 = LINE ( 'NONE', #1745, #1816 ) ;
#637 = ORIENTED_EDGE ( 'NONE', *, *, #1857, .F. ) ;
#638 = CARTESIAN_POINT ( 'NONE',  ( -0.7954967095456894066, 0.9999999999999920064, 0.000000000000000000 ) ) ;
#639 = EDGE_LOOP ( 'NONE', ( #2679, #2389, #1641, #1762, #1607, #2165, #1706, #1343, #1088, #1932, #276, #653 ) ) ;
#640 = VECTOR ( 'NONE', #299, 1000.000000000000000 ) ;
#641 = ORIENTED_EDGE ( 'NONE', *, *, #1523, .F. ) ;
#642 = CARTESIAN_POINT ( 'NONE',  ( -0.5374999999999999778, 0.6152264231633740588, -0.6853370972781807069 ) ) ;
#643 = PLANE ( 'NONE',  #1734 ) ;
#644 = DIRECTION ( 'NONE',  ( -1.000000000000000000, -0.000000000000000000, 0.000000000000000000 ) ) ;
#645 = CARTESIAN_POINT ( 'NONE',  ( -0.8173469276855311882, 0.09999999999999213685, 0.4423469276855314103 ) ) ;
#646 = CARTESIAN_POINT ( 'NONE',  ( -0.5374999999999999778, 0.6599999999999919265, 0.6356110025097669869 ) ) ;
#647 = ORIENTED_EDGE ( 'NONE', *, *, #1907, .F. ) ;
#648 = EDGE_CURVE ( 'NONE', #1909, #2862, #48, .T. ) ;
#649 = SURFACE_STYLE_USAGE ( .BOTH. , #2397 ) ;
#650 = PRESENTATION_LAYER_ASSIGNMENT (  '', '', ( #1557 ) ) ;
#651 = ORIENTED_EDGE ( 'NONE', *, *, #2238, .T. ) ;
#652 = EDGE_CURVE ( 'NONE', #369, #138, #322, .T. ) ;
#653 = ORIENTED_EDGE ( 'NONE', *, *, #135, .F. ) ;
#654 = DIRECTION ( 'NONE',  ( 0.000000000000000000, 1.000000000000000000, 0.000000000000000000 ) ) ;
#655 = DIRECTION ( 'NONE',  ( 0.000000000000000000, 1.540740080799961609E-15, -1.000000000000000000 ) ) ;
#656 = FACE_OUTER_BOUND ( 'NONE', #674, .T. ) ;
#657 = SURFACE_STYLE_USAGE ( .BOTH. , #1984 ) ;
#658 = EDGE_CURVE ( 'NONE', #1196, #480, #854, .T. ) ;
#659 = EDGE_CURVE ( 'NONE', #2735, #1828, #936, .T. ) ;
#660 = AXIS2_PLACEMENT_3D ( 'NONE', #1185, #2750, #2534 ) ;
#661 = CARTESIAN_POINT ( 'NONE',  ( -0.5374999999999999778, 0.000000000000000000, 1.050000000000000044 ) ) ;
#662 = ORIENTED_EDGE ( 'NONE', *, *, #880, .T. ) ;
#663 = VECTOR ( 'NONE', #1349, 1000.000000000000000 ) ;
#664 = CYLINDRICAL_SURFACE ( 'NONE', #2641, 0.05999999999999994227 ) ;
#665 = VECTOR ( 'NONE', #862, 1000.000000000000000 ) ;
#666 = SURFACE_STYLE_FILL_AREA ( #1964 ) ;
#667 = CIRCLE ( 'NONE', #857, 0.1900000000000001688 ) ;
#668 = AXIS2_PLACEMENT_3D ( 'NONE', #76, #1668, #44 ) ;
#669 = VERTEX_POINT ( 'NONE', #1216 ) ;
#670 = VECTOR ( 'NONE', #1226, 1000.000000000000000 ) ;
#671 = VERTEX_POINT ( 'NONE', #2099 ) ;
#672 = CARTESIAN_POINT ( 'NONE',  ( 0.8173469276855310772, 0.1826351822332990260, 0.5408277029867523122 ) ) ;
#673 = DIRECTION ( 'NONE',  ( 0.000000000000000000, 0.000000000000000000, -1.000000000000000000 ) ) ;
#674 = EDGE_LOOP ( 'NONE', ( #2748, #715, #275, #2736 ) ) ;
#675 = CARTESIAN_POINT ( 'NONE',  ( -0.6754967095456894111, 1.099999999999992095, 0.3604967095456894088 ) ) ;
#676 = EDGE_CURVE ( 'NONE', #832, #41, #998, .T. ) ;
#677 = SURFACE_STYLE_USAGE ( .BOTH. , #2461 ) ;
#678 = DIRECTION ( 'NONE',  ( 0.000000000000000000, -0.1045284632676461156, -0.9945218953682741780 ) ) ;
#679 = EDGE_LOOP ( 'NONE', ( #2304, #1328, #925, #2502 ) ) ;
#680 = CARTESIAN_POINT ( 'NONE',  ( 0.5375000000000001998, 0.1400000000000000133, -0.8850606066446772280 ) ) ;
#681 = CARTESIAN_POINT ( 'NONE',  ( 1.000000000000000000, 0.6599999999999919265, -0.6250000000000000000 ) ) ;
#682 = VECTOR ( 'NONE', #2746, 1000.000000000000000 ) ;
#683 = EDGE_LOOP ( 'NONE', ( #403, #2081 ) ) ;
#684 = DIRECTION ( 'NONE',  ( -1.000000000000000000, -0.000000000000000000, -0.000000000000000000 ) ) ;
#685 = DIRECTION ( 'NONE',  ( 0.000000000000000000, 1.643334182377291610E-16, -1.000000000000000000 ) ) ;
#686 = EDGE_CURVE ( 'NONE', #934, #1155, #2273, .T. ) ;
#687 = ORIENTED_EDGE ( 'NONE', *, *, #2721, .T. ) ;
#688 = FILL_AREA_STYLE ('',( #1346 ) ) ;
#689 = FILL_AREA_STYLE ('',( #2651 ) ) ;
#690 = DIRECTION ( 'NONE',  ( -0.000000000000000000, -0.000000000000000000, 1.000000000000000000 ) ) ;
#691 = ADVANCED_FACE ( 'NONE', ( #556 ), #2498, .F. ) ;
#692 = CARTESIAN_POINT ( 'NONE',  ( -0.5374999999999999778, 0.1499999999999999944, 0.8850606066446772280 ) ) ;
#693 = ORIENTED_EDGE ( 'NONE', *, *, #1168, .T. ) ;
#694 = PLANE ( 'NONE',  #1149 ) ;
#695 = LINE ( 'NONE', #899, #1541 ) ;
#696 = EDGE_CURVE ( 'NONE', #1196, #1966, #1928, .T. ) ;
#697 = ADVANCED_FACE ( 'NONE', ( #1421 ), #2336, .T. ) ;
#698 = VERTEX_POINT ( 'NONE', #1852 ) ;
#699 = CARTESIAN_POINT ( 'NONE',  ( 0.7625000000000001776, 0.1499999999999999944, -0.8850606066446772280 ) ) ;
#700 = DIRECTION ( 'NONE',  ( -1.000000000000000000, -0.000000000000000000, -0.000000000000000000 ) ) ;
#701 = VECTOR ( 'NONE', #1241, 1000.000000000000000 ) ;
#702 = EDGE_CURVE ( 'NONE', #442, #2394, #2296, .T. ) ;
#703 = ORIENTED_EDGE ( 'NONE', *, *, #1105, .F. ) ;
#704 = DIRECTION ( 'NONE',  ( 0.000000000000000000, 1.000000000000000000, 0.000000000000000000 ) ) ;
#705 = DIRECTION ( 'NONE',  ( 0.000000000000000000, 0.000000000000000000, 1.000000000000000000 ) ) ;
#706 = VERTEX_POINT ( 'NONE', #2724 ) ;
#707 = DIRECTION ( 'NONE',  ( 1.000000000000000000, 0.000000000000000000, 0.000000000000000000 ) ) ;
#708 = AXIS2_PLACEMENT_3D ( 'NONE', #1993, #2211, #1563 ) ;
#709 = CIRCLE ( 'NONE', #2293, 0.01000000000000002623 ) ;
#710 = PLANE ( 'NONE',  #472 ) ;
#711 = ADVANCED_FACE ( 'NONE', ( #2738 ), #746, .F. ) ;
#712 = CARTESIAN_POINT ( 'NONE',  ( 0.7625000000000001776, 0.6599999999999919265, -0.5950000000000000844 ) ) ;
#713 = VERTEX_POINT ( 'NONE', #1200 ) ;
#714 = PRESENTATION_LAYER_ASSIGNMENT (  '', '', ( #343 ) ) ;
#715 = ORIENTED_EDGE ( 'NONE', *, *, #1961, .F. ) ;
#716 = CARTESIAN_POINT ( 'NONE',  ( -0.9999999999999995559, 0.6599999999999919265, -0.6250000000000000000 ) ) ;
#717 = CARTESIAN_POINT ( 'NONE',  ( -0.7624999999999999556, 0.000000000000000000, 0.8850606066446772280 ) ) ;
#718 = CARTESIAN_POINT ( 'NONE',  ( 0.000000000000000000, 0.000000000000000000, 0.000000000000000000 ) ) ;
#719 = DIRECTION ( 'NONE',  ( 0.000000000000000000, 0.9781476007338055778, 0.2079116908177600642 ) ) ;
#720 = ORIENTED_EDGE ( 'NONE', *, *, #583, .T. ) ;
#721 = DIRECTION ( 'NONE',  ( 0.000000000000000000, 1.000000000000000000, 0.000000000000000000 ) ) ;
#722 = CARTESIAN_POINT ( 'NONE',  ( -0.5374999999999999778, 0.6599999999999919265, 0.5950000000000000844 ) ) ;
#723 = AXIS2_PLACEMENT_3D ( 'NONE', #734, #1628, #2756 ) ;
#724 = UNCERTAINTY_MEASURE_WITH_UNIT (LENGTH_MEASURE( 1.000000000000000082E-05 ), #2260, 'distance_accuracy_value', 'NONE');
#725 = DIRECTION ( 'NONE',  ( -1.000000000000000000, 0.000000000000000000, 0.000000000000000000 ) ) ;
#726 = CARTESIAN_POINT ( 'NONE',  ( -0.9999999999999995559, 0.6599999999999919265, -0.6250000000000000000 ) ) ;
#727 = EDGE_LOOP ( 'NONE', ( #2629, #1129, #2458, #2819 ) ) ;
#728 = VERTEX_POINT ( 'NONE', #1867 ) ;
#729 = CARTESIAN_POINT ( 'NONE',  ( 0.8962052868920562521, 0.7770856965116286208, 0.5701126669287468474 ) ) ;
#730 = CARTESIAN_POINT ( 'NONE',  ( -0.5374999999999999778, 0.6099999999999918820, -0.6356110025097669869 ) ) ;
#731 = CARTESIAN_POINT ( 'NONE',  ( -0.7624999999999999556, 0.6099999999999918820, 0.6356110025097669869 ) ) ;
#732 = DIRECTION ( 'NONE',  ( 0.000000000000000000, 0.000000000000000000, 1.000000000000000000 ) ) ;
#733 = ORIENTED_EDGE ( 'NONE', *, *, #1992, .F. ) ;
#734 = CARTESIAN_POINT ( 'NONE',  ( -0.7954967095456894066, 0.9999999999999920064, -0.4204967095456894621 ) ) ;
#735 = EDGE_CURVE ( 'NONE', #1751, #1029, #1655, .T. ) ;
#736 = LINE ( 'NONE', #532, #1033 ) ;
#737 = VECTOR ( 'NONE', #149, 1000.000000000000000 ) ;
#738 = B_SPLINE_CURVE_WITH_KNOTS ( 'NONE', 3,
 ( #726, #517, #1415, #946 ),
 .UNSPECIFIED., .F., .F.,
 ( 4, 4 ),
 ( -0.0002949718745211516672, 0.0002138598371825446969 ),
 .UNSPECIFIED. ) ;
#739 = CARTESIAN_POINT ( 'NONE',  ( -0.5374999999999999778, 0.6298604080208444200, 0.8245701626297392561 ) ) ;
#740 = PLANE ( 'NONE',  #940 ) ;
#741 = CARTESIAN_POINT ( 'NONE',  ( -0.5374999999999999778, 2.710505431213761085E-17, -0.8850606066446772280 ) ) ;
#742 = EDGE_CURVE ( 'NONE', #1570, #162, #1739, .T. ) ;
#743 = EDGE_LOOP ( 'NONE', ( #2387, #1564, #1292 ) ) ;
#744 = VERTEX_POINT ( 'NONE', #2367 ) ;
#745 = DIRECTION ( 'NONE',  ( -1.000000000000000000, -0.000000000000000000, 0.000000000000000000 ) ) ;
#746 = CYLINDRICAL_SURFACE ( 'NONE', #1786, 0.05000000000000002359 ) ;
#747 =( NAMED_UNIT ( * ) SI_UNIT ( $, .STERADIAN. ) SOLID_ANGLE_UNIT ( ) );
#748 = VECTOR ( 'NONE', #1858, 1000.000000000000000 ) ;
#749 = CARTESIAN_POINT ( 'NONE',  ( 0.9129450663853851955, 0.1662869376834033297, 0.5379450663853855286 ) ) ;
#750 = ORIENTED_EDGE ( 'NONE', *, *, #1213, .F. ) ;
#751 = EDGE_CURVE ( 'NONE', #8, #369, #2376, .T. ) ;
#752 = ADVANCED_FACE ( 'NONE', ( #848 ), #1043, .F. ) ;
#753 = CARTESIAN_POINT ( 'NONE',  ( -0.6754967095456894111, 1.049999999999992051, 0.2404967095456895521 ) ) ;
#754 = CARTESIAN_POINT ( 'NONE',  ( 0.9699999999999999734, 0.6599999999999919265, -0.5950000000000000844 ) ) ;
#755 = CARTESIAN_POINT ( 'NONE',  ( 0.5375000000000001998, 0.1400000000000000133, -0.8850606066446772280 ) ) ;
#756 = CARTESIAN_POINT ( 'NONE',  ( 0.7625000000000001776, 0.7999999999999920508, -0.6356110025097669869 ) ) ;
#757 = CARTESIAN_POINT ( 'NONE',  ( -0.5374999999999999778, 0.6152264231633740588, 0.6853370972781808179 ) ) ;
#758 = VECTOR ( 'NONE', #833, 1000.000000000000000 ) ;
#759 = ORIENTED_EDGE ( 'NONE', *, *, #2082, .F. ) ;
#760 = ORIENTED_EDGE ( 'NONE', *, *, #2019, .T. ) ;
#761 = DIRECTION ( 'NONE',  ( 0.000000000000000000, -1.000000000000000000, 0.000000000000000000 ) ) ;
#762 = AXIS2_PLACEMENT_3D ( 'NONE', #107, #2770, #810 ) ;
#763 = EDGE_CURVE ( 'NONE', #255, #728, #616, .T. ) ;
#764 = DIRECTION ( 'NONE',  ( 0.000000000000000000, 0.9945218953682740670, 0.1045284632676461017 ) ) ;
#765 = COLOUR_RGB ( '',0.7921568627450980005, 0.8196078431372548767, 0.9333333333333333481 ) ;
#766 = LINE ( 'NONE', #1408, #2466 ) ;
#767 = VERTEX_POINT ( 'NONE', #1016 ) ;
#768 = CARTESIAN_POINT ( 'NONE',  ( -0.7624999999999999556, 0.7999999999999920508, 0.6356110025097669869 ) ) ;
#769 = CARTESIAN_POINT ( 'NONE',  ( 0.7625000000000001776, 0.7999999999999919398, -0.5652420813661968024 ) ) ;
#770 = FACE_OUTER_BOUND ( 'NONE', #1238, .T. ) ;
#771 = FACE_OUTER_BOUND ( 'NONE', #727, .T. ) ;
#772 = CARTESIAN_POINT ( 'NONE',  ( 0.7625000000000001776, 0.6599999999999919265, -0.5950000000000000844 ) ) ;
#773 = ORIENTED_EDGE ( 'NONE', *, *, #2003, .F. ) ;
#774 = ORIENTED_EDGE ( 'NONE', *, *, #1782, .T. ) ;
#775 = FACE_OUTER_BOUND ( 'NONE', #1056, .T. ) ;
#776 = CARTESIAN_POINT ( 'NONE',  ( -0.5374999999999999778, 0.6298604080208444200, -0.8245701626297392561 ) ) ;
#777 = ADVANCED_FACE ( 'NONE', ( #632 ), #1695, .F. ) ;
#778 = LINE ( 'NONE', #1018, #2663 ) ;
#779 = CARTESIAN_POINT ( 'NONE',  ( -0.5374999999999999778, 0.7999999999999919398, -0.5652420813661968024 ) ) ;
#780 = VERTEX_POINT ( 'NONE', #2145 ) ;
#781 = DIRECTION ( 'NONE',  ( -0.000000000000000000, -0.000000000000000000, 1.000000000000000000 ) ) ;
#782 = EDGE_CURVE ( 'NONE', #1544, #2781, #1289, .T. ) ;
#783 = CLOSED_SHELL ( 'NONE', ( #1510, #565, #227, #2156, #1747, #1599, #2205, #777, #2122, #1614, #2377, #1090, #518, #1643 ) ) ;
#784 = DIRECTION ( 'NONE',  ( -1.000000000000000000, -0.000000000000000000, 0.000000000000000000 ) ) ;
#785 = CARTESIAN_POINT ( 'NONE',  ( 0.7999999999999999334, 0.7999999999999920508, 0.6356110025097669869 ) ) ;
#786 = EDGE_CURVE ( 'NONE', #290, #2127, #1897, .T. ) ;
#787 = EDGE_CURVE ( 'NONE', #1982, #2862, #1955, .T. ) ;
#788 = DIRECTION ( 'NONE',  ( -0.000000000000000000, -1.000000000000000000, -0.000000000000000000 ) ) ;
#789 = ORIENTED_EDGE ( 'NONE', *, *, #1263, .F. ) ;
#790 = VERTEX_POINT ( 'NONE', #1232 ) ;
#791 = DIRECTION ( 'NONE',  ( -0.000000000000000000, -0.000000000000000000, 1.000000000000000000 ) ) ;
#792 = DIRECTION ( 'NONE',  ( 0.000000000000000000, 1.000000000000000000, 0.000000000000000000 ) ) ;
#793 = EDGE_CURVE ( 'NONE', #698, #2044, #2796, .T. ) ;
#794 = DIRECTION ( 'NONE',  ( 0.000000000000000000, -1.000000000000000000, 0.000000000000000000 ) ) ;
#795 = AXIS2_PLACEMENT_3D ( 'NONE', #2507, #973, #2361 ) ;
#796 = DIRECTION ( 'NONE',  ( 1.000000000000000000, -0.000000000000000000, 0.000000000000000000 ) ) ;
#797 = EDGE_LOOP ( 'NONE', ( #220, #2858, #2358 ) ) ;
#798 = LINE ( 'NONE', #1672, #1243 ) ;
#799 = PLANE ( 'NONE',  #929 ) ;
#800 = EDGE_CURVE ( 'NONE', #2611, #1785, #134, .T. ) ;
#801 = DIRECTION ( 'NONE',  ( 0.000000000000000000, -0.9848077530122080203, -0.1736481776669307198 ) ) ;
#802 = CARTESIAN_POINT ( 'NONE',  ( -0.7624999999999999556, 0.000000000000000000, -1.050000000000000044 ) ) ;
#803 = VERTEX_POINT ( 'NONE', #807 ) ;
#804 = VECTOR ( 'NONE', #1609, 1000.000000000000000 ) ;
#805 = ORIENTED_EDGE ( 'NONE', *, *, #61, .F. ) ;
#806 = DIRECTION ( 'NONE',  ( 0.000000000000000000, 0.000000000000000000, -1.000000000000000000 ) ) ;
#807 = CARTESIAN_POINT ( 'NONE',  ( 0.7625000000000001776, 2.710505431213761085E-17, -0.8850606066446772280 ) ) ;
#808 = AXIS2_PLACEMENT_3D ( 'NONE', #2652, #1757, #437 ) ;
#809 = CIRCLE ( 'NONE', #60, 0.1000000000000000472 ) ;
#810 = DIRECTION ( 'NONE',  ( 0.000000000000000000, 8.131516293641279311E-16, -1.000000000000000000 ) ) ;
#811 = LINE ( 'NONE', #1084, #1845 ) ;
#812 = ORIENTED_EDGE ( 'NONE', *, *, #2300, .T. ) ;
#813 = AXIS2_PLACEMENT_3D ( 'NONE', #1944, #1032, #604 ) ;
#814 = MECHANICAL_DESIGN_GEOMETRIC_PRESENTATION_REPRESENTATION (  '', ( #1002 ), #1133 ) ;
#815 = CARTESIAN_POINT ( 'NONE',  ( 0.8933114696190701531, 1.020791169081767924, 0.4204967095456893511 ) ) ;
#816 = CARTESIAN_POINT ( 'NONE',  ( 0.8173469276855310772, 0.1826351822332990260, 0.5408277029867523122 ) ) ;
#817 = LINE ( 'NONE', #467, #2175 ) ;
#818 = ORIENTED_EDGE ( 'NONE', *, *, #2613, .T. ) ;
#819 = ORIENTED_EDGE ( 'NONE', *, *, #2385, .F. ) ;
#820 = CARTESIAN_POINT ( 'NONE',  ( -0.8933114696190699311, 1.020791169081767924, -0.4204967095456893511 ) ) ;
#821 = FACE_OUTER_BOUND ( 'NONE', #2512, .T. ) ;
#822 = CARTESIAN_POINT ( 'NONE',  ( -0.9999999999999995559, 0.6599999999999919265, 0.6250000000000000000 ) ) ;
#823 = CARTESIAN_POINT ( 'NONE',  ( -1.000000000000000000, 0.6599999999999919265, -0.6250000000000000000 ) ) ;
#824 = ORIENTED_EDGE ( 'NONE', *, *, #2686, .T. ) ;
#825 = ADVANCED_FACE ( 'NONE', ( #2115 ), #2783, .F. ) ;
#826 = AXIS2_PLACEMENT_3D ( 'NONE', #1027, #519, #85 ) ;
#827 = ORIENTED_EDGE ( 'NONE', *, *, #46, .F. ) ;
#828 = EDGE_CURVE ( 'NONE', #2317, #125, #2354, .T. ) ;
#829 = DIRECTION ( 'NONE',  ( 0.000000000000000000, 0.000000000000000000, 1.000000000000000000 ) ) ;
#830 = DIRECTION ( 'NONE',  ( 0.000000000000000000, 0.000000000000000000, 1.000000000000000000 ) ) ;
#831 = ORIENTED_EDGE ( 'NONE', *, *, #1357, .F. ) ;
#832 = VERTEX_POINT ( 'NONE', #1942 ) ;
#833 = DIRECTION ( 'NONE',  ( 3.469446951953614189E-16, -1.232595164407830946E-32, 1.000000000000000000 ) ) ;
#834 = DIRECTION ( 'NONE',  ( -1.000000000000000000, -0.000000000000000000, -0.000000000000000000 ) ) ;
#835 = AXIS2_PLACEMENT_3D ( 'NONE', #1981, #700, #673 ) ;
#836 = EDGE_CURVE ( 'NONE', #2004, #2692, #2822, .T. ) ;
#837 = DIRECTION ( 'NONE',  ( -1.000000000000000000, -0.000000000000000000, -0.000000000000000000 ) ) ;
#838 =( LENGTH_UNIT ( ) NAMED_UNIT ( * ) SI_UNIT ( .MILLI., .METRE. ) );
#839 = ORIENTED_EDGE ( 'NONE', *, *, #782, .T. ) ;
#840 = ADVANCED_FACE ( 'NONE', ( #1031 ), #1913, .T. ) ;
#841 = LINE ( 'NONE', #2371, #1910 ) ;
#842 = EDGE_LOOP ( 'NONE', ( #2538, #1871, #886, #1977 ) ) ;
#843 =( GEOMETRIC_REPRESENTATION_CONTEXT ( 3 ) GLOBAL_UNCERTAINTY_ASSIGNED_CONTEXT ( ( #1601 ) ) GLOBAL_UNIT_ASSIGNED_CONTEXT ( ( #323, #524, #2321 ) ) REPRESENTATION_CONTEXT ( 'NONE', 'WORKASPACE' ) );
#844 = FACE_OUTER_BOUND ( 'NONE', #397, .T. ) ;
#845 = EDGE_LOOP ( 'NONE', ( #1773, #2799, #917, #587 ) ) ;
#846 = ORIENTED_EDGE ( 'NONE', *, *, #742, .T. ) ;
#847 = CARTESIAN_POINT ( 'NONE',  ( 0.7625000000000001776, 0.000000000000000000, -1.050000000000000044 ) ) ;
#848 = FACE_OUTER_BOUND ( 'NONE', #1506, .T. ) ;
#849 = VECTOR ( 'NONE', #297, 1000.000000000000000 ) ;
#850 = CARTESIAN_POINT ( 'NONE',  ( 0.7625000000000001776, 0.7999999999999919398, -0.5652420813661968024 ) ) ;
#851 = FACE_OUTER_BOUND ( 'NONE', #2025, .T. ) ;
#852 = AXIS2_PLACEMENT_3D ( 'NONE', #850, #1113, #1741 ) ;
#853 = CARTESIAN_POINT ( 'NONE',  ( -0.5374999999999999778, 0.6298604080208444200, 0.8245701626297392561 ) ) ;
#854 =( BOUNDED_CURVE ( )  B_SPLINE_CURVE ( 2, ( #951, #968, #541 ),
 .UNSPECIFIED., .F., .T. ) 
 B_SPLINE_CURVE_WITH_KNOTS ( ( 3, 3 ),
 ( 0.000000000000000000, 1.000000000000000000 ),
 .UNSPECIFIED. ) 
 CURVE ( )  GEOMETRIC_REPRESENTATION_ITEM ( )  RATIONAL_B_SPLINE_CURVE ( ( 1.000000000000000000, 0.7222282434171000132, 1.000000000000000000 ) ) 
 REPRESENTATION_ITEM ( '' )  );
#855 = CARTESIAN_POINT ( 'NONE',  ( -0.9129450663853851955, 0.1662869376834033297, 0.5379450663853855286 ) ) ;
#856 = EDGE_LOOP ( 'NONE', ( #2193, #2456, #687 ) ) ;
#857 = AXIS2_PLACEMENT_3D ( 'NONE', #1712, #837, #1250 ) ;
#858 = COLOUR_RGB ( '',0.7921568627450980005, 0.8196078431372548767, 0.9333333333333333481 ) ;
#859 = CARTESIAN_POINT ( 'NONE',  ( -0.7624999999999999556, 0.1343207305098530480, 0.7358823223394361790 ) ) ;
#860 = ORIENTED_EDGE ( 'NONE', *, *, #1007, .F. ) ;
#861 = EDGE_LOOP ( 'NONE', ( #760, #2465, #1717, #1095 ) ) ;
#862 = DIRECTION ( 'NONE',  ( 0.000000000000000000, 0.9945218953682740670, 0.1045284632676467401 ) ) ;
#863 = CARTESIAN_POINT ( 'NONE',  ( -0.9129450663853851955, 0.1662869376834033297, -0.5379450663853855286 ) ) ;
#864 = ADVANCED_FACE ( 'NONE', ( #821 ), #1709, .F. ) ;
#865 = DIRECTION ( 'NONE',  ( 0.000000000000000000, 1.000000000000000000, 0.000000000000000000 ) ) ;
#866 = CARTESIAN_POINT ( 'NONE',  ( -0.8224105737841128638, 0.8941713930232652041, 0.5452253338574936103 ) ) ;
#867 = VECTOR ( 'NONE', #1685, 1000.000000000000000 ) ;
#868 = LINE ( 'NONE', #2449, #289 ) ;
#869 = ORIENTED_EDGE ( 'NONE', *, *, #1684, .F. ) ;
#870 = LINE ( 'NONE', #213, #627 ) ;
#871 = ORIENTED_EDGE ( 'NONE', *, *, #1821, .F. ) ;
#872 = ORIENTED_EDGE ( 'NONE', *, *, #787, .T. ) ;
#873 = CARTESIAN_POINT ( 'NONE',  ( 0.7625000000000001776, 0.000000000000000000, -1.050000000000000044 ) ) ;
#874 = EDGE_CURVE ( 'NONE', #1775, #1634, #378, .T. ) ;
#875 = CARTESIAN_POINT ( 'NONE',  ( 0.7999999999999999334, 0.6099999999999918820, 0.6356110025097669869 ) ) ;
#876 = ADVANCED_FACE ( 'NONE', ( #1342 ), #2023, .T. ) ;
#877 = ORIENTED_EDGE ( 'NONE', *, *, #1118, .F. ) ;
#878 =( LENGTH_UNIT ( ) NAMED_UNIT ( * ) SI_UNIT ( .MILLI., .METRE. ) );
#879 = CARTESIAN_POINT ( 'NONE',  ( -0.9430861357615762941, 0.7866197760584947574, 0.5680861357615764051 ) ) ;
#880 = EDGE_CURVE ( 'NONE', #987, #2317, #2222, .T. ) ;
#881 = DIRECTION ( 'NONE',  ( 0.000000000000000000, 0.000000000000000000, -1.000000000000000000 ) ) ;
#882 = ORIENTED_EDGE ( 'NONE', *, *, #2587, .T. ) ;
#883 = DIRECTION ( 'NONE',  ( 0.000000000000000000, 0.000000000000000000, 1.000000000000000000 ) ) ;
#884 = CYLINDRICAL_SURFACE ( 'NONE', #948, 0.1000000000000000472 ) ;
#885 = STYLED_ITEM ( 'NONE', ( #495 ), #2085 ) ;
#886 = ORIENTED_EDGE ( 'NONE', *, *, #2136, .F. ) ;
#887 =( BOUNDED_SURFACE ( )  B_SPLINE_SURFACE ( 2, 3, ( 
 ( #78, #1019, #544, #1870 ),
 ( #749, #1901, #1640, #529 ),
 ( #1440, #325, #2101, #2785 ) ),
 .UNSPECIFIED., .F., .F., .T. ) 
 B_SPLINE_SURFACE_WITH_KNOTS ( ( 3, 3 ),
 ( 4, 4 ),
 ( 0.000000000000000000, 1.000000000000000000 ),
 ( -0.0002949718745211516672, 0.0002138598371825447240 ),
 .UNSPECIFIED. ) 
 GEOMETRIC_REPRESENTATION_ITEM ( )  RATIONAL_B_SPLINE_SURFACE ( (
 ( 1.000000000000000000, 1.000000000000000000, 1.000000000000000000, 1.000000000000000000),
 ( 0.7176885430348760586, 0.7176885430348760586, 0.7176885430348760586, 0.7176885430348760586),
 ( 1.000000000000000000, 1.000000000000000000, 1.000000000000000000, 1.000000000000000000) ) ) 
 REPRESENTATION_ITEM ( '' )  SURFACE ( )  );
#888 = EDGE_LOOP ( 'NONE', ( #1222, #920, #1447, #623 ) ) ;
#889 = DIRECTION ( 'NONE',  ( -1.000000000000000000, -0.000000000000000000, 0.000000000000000000 ) ) ;
#890 = CARTESIAN_POINT ( 'NONE',  ( -0.9158277029867518682, 0.1826351822332989427, 0.4423469276855315213 ) ) ;
#891 = ORIENTED_EDGE ( 'NONE', *, *, #2325, .T. ) ;
#892 = CARTESIAN_POINT ( 'NONE',  ( 0.9999999999999995559, 0.6599999999999919265, -0.6250000000000000000 ) ) ;
#893 =( LENGTH_UNIT ( ) NAMED_UNIT ( * ) SI_UNIT ( .MILLI., .METRE. ) );
#894 = CARTESIAN_POINT ( 'NONE',  ( -0.7624999999999999556, 0.6298604080208444200, -0.8245701626297392561 ) ) ;
#895 = ORIENTED_EDGE ( 'NONE', *, *, #1567, .F. ) ;
#896 = EDGE_CURVE ( 'NONE', #1229, #2001, #2661, .T. ) ;
#897 = AXIS2_PLACEMENT_3D ( 'NONE', #238, #635, #2014 ) ;
#898 = CYLINDRICAL_SURFACE ( 'NONE', #1759, 0.1499999999999999667 ) ;
#899 = CARTESIAN_POINT ( 'NONE',  ( 0.5375000000000001998, 0.6152264231633740588, -0.6853370972781807069 ) ) ;
#900 = CIRCLE ( 'NONE', #2757, 0.05000000000000012768 ) ;
#901 = VECTOR ( 'NONE', #2288, 1000.000000000000000 ) ;
#902 = VECTOR ( 'NONE', #2830, 1000.000000000000000 ) ;
#903 = ORIENTED_EDGE ( 'NONE', *, *, #2504, .F. ) ;
#904 = FACE_OUTER_BOUND ( 'NONE', #1286, .T. ) ;
#905 = LINE ( 'NONE', #1792, #1550 ) ;
#906 = CARTESIAN_POINT ( 'NONE',  ( -0.8463652388904023827, 0.3472062030054951509, 0.5698460141916237287 ) ) ;
#907 = EDGE_CURVE ( 'NONE', #803, #2747, #1777, .T. ) ;
#908 = ORIENTED_EDGE ( 'NONE', *, *, #702, .T. ) ;
#909 = ORIENTED_EDGE ( 'NONE', *, *, #676, .T. ) ;
#910 = CARTESIAN_POINT ( 'NONE',  ( -0.9999999999999995559, 0.6599999999999919265, 0.6250000000000000000 ) ) ;
#911 = CARTESIAN_POINT ( 'NONE',  ( 0.7625000000000001776, 0.6599999999999919265, -0.5950000000000000844 ) ) ;
#912 = EDGE_LOOP ( 'NONE', ( #2717, #2318, #1402, #2711 ) ) ;
#913 = EDGE_CURVE ( 'NONE', #1485, #1212, #2086, .T. ) ;
#914 = ADVANCED_FACE ( 'NONE', ( #2182 ), #2677, .T. ) ;
#915 = LINE ( 'NONE', #1801, #1899 ) ;
#916 = EDGE_CURVE ( 'NONE', #713, #2352, #1624, .T. ) ;
#917 = ORIENTED_EDGE ( 'NONE', *, *, #1395, .F. ) ;
#918 = CYLINDRICAL_SURFACE ( 'NONE', #20, 0.01000000000000002623 ) ;
#919 = DIRECTION ( 'NONE',  ( -1.000000000000000000, -0.000000000000000000, 0.000000000000000000 ) ) ;
#920 = ORIENTED_EDGE ( 'NONE', *, *, #1863, .F. ) ;
#921 = VECTOR ( 'NONE', #1504, 999.9999999999998863 ) ;
#922 = ORIENTED_EDGE ( 'NONE', *, *, #1092, .T. ) ;
#923 = PLANE ( 'NONE',  #1045 ) ;
#924 = DIRECTION ( 'NONE',  ( -1.000000000000000000, -0.000000000000000000, -0.000000000000000000 ) ) ;
#925 = ORIENTED_EDGE ( 'NONE', *, *, #1818, .T. ) ;
#926 = FACE_OUTER_BOUND ( 'NONE', #1478, .T. ) ;
#927 = EDGE_CURVE ( 'NONE', #1119, #1909, #118, .T. ) ;
#928 = CARTESIAN_POINT ( 'NONE',  ( -0.5374999999999999778, 0.7999999999999919398, 0.5652420813661968024 ) ) ;
#929 = AXIS2_PLACEMENT_3D ( 'NONE', #113, #140, #2775 ) ;
#930 = UNCERTAINTY_MEASURE_WITH_UNIT (LENGTH_MEASURE( 1.000000000000000082E-05 ), #893, 'distance_accuracy_value', 'NONE');
#931 = CARTESIAN_POINT ( 'NONE',  ( 0.7625000000000001776, 0.1499999999999999944, -0.8850606066446772280 ) ) ;
#932 = CARTESIAN_POINT ( 'NONE',  ( -0.5374999999999999778, 0.000000000000000000, 1.050000000000000044 ) ) ;
#933 = ORIENTED_EDGE ( 'NONE', *, *, #533, .T. ) ;
#934 = VERTEX_POINT ( 'NONE', #2196 ) ;
#935 = DIRECTION ( 'NONE',  ( -1.000000000000000000, 0.000000000000000000, 0.000000000000000000 ) ) ;
#936 = LINE ( 'NONE', #1405, #2055 ) ;
#937 = CARTESIAN_POINT ( 'NONE',  ( -0.7624999999999999556, 0.1499999999999999944, -0.8850606066446772280 ) ) ;
#938 = ORIENTED_EDGE ( 'NONE', *, *, #1857, .T. ) ;
#939 = CARTESIAN_POINT ( 'NONE',  ( -0.8962052868920562521, 0.7770856965116286208, 0.5701126669287468474 ) ) ;
#940 = AXIS2_PLACEMENT_3D ( 'NONE', #1401, #2283, #976 ) ;
#941 = FACE_BOUND ( 'NONE', #62, .T. ) ;
#942 = AXIS2_PLACEMENT_3D ( 'NONE', #1617, #516, #2715 ) ;
#943 = CIRCLE ( 'NONE', #154, 0.05999999999999994227 ) ;
#944 = DIRECTION ( 'NONE',  ( 1.000000000000000000, 0.000000000000000000, 0.000000000000000000 ) ) ;
#945 = CIRCLE ( 'NONE', #2062, 0.1000000000000000472 ) ;
#946 = CARTESIAN_POINT ( 'NONE',  ( -0.8173469276855311882, 0.1826351822332990260, -0.5408277029867523122 ) ) ;
#947 = ORIENTED_EDGE ( 'NONE', *, *, #2540, .F. ) ;
#948 = AXIS2_PLACEMENT_3D ( 'NONE', #638, #1532, #2409 ) ;
#949 = ORIENTED_EDGE ( 'NONE', *, *, #3, .T. ) ;
#950 = DIRECTION ( 'NONE',  ( -1.000000000000000000, 0.000000000000000000, 0.000000000000000000 ) ) ;
#951 = CARTESIAN_POINT ( 'NONE',  ( -0.8933114696190699311, 1.020791169081767924, 0.4204967095456893511 ) ) ;
#952 = ADVANCED_FACE ( 'NONE', ( #446 ), #643, .T. ) ;
#953 = DIRECTION ( 'NONE',  ( 0.000000000000000000, 1.643334182377291610E-16, 1.000000000000000000 ) ) ;
#954 = CARTESIAN_POINT ( 'NONE',  ( -0.7624999999999999556, 0.7999999999999919398, 0.5652420813661968024 ) ) ;
#955 = ORIENTED_EDGE ( 'NONE', *, *, #2625, .F. ) ;
#956 = CARTESIAN_POINT ( 'NONE',  ( 0.7999999999999999334, 0.1343207305098530480, 0.7358823223394361790 ) ) ;
#957 = DIRECTION ( 'NONE',  ( -1.000000000000000000, 0.000000000000000000, 5.421010862427519212E-16 ) ) ;
#958 = EDGE_CURVE ( 'NONE', #2067, #2365, #12, .T. ) ;
#959 = DIRECTION ( 'NONE',  ( 0.000000000000000000, -1.000000000000000000, 0.000000000000000000 ) ) ;
#960 = CARTESIAN_POINT ( 'NONE',  ( -0.9999999999999995559, 0.6599999999999918154, -0.6250000000000000000 ) ) ;
#961 = CARTESIAN_POINT ( 'NONE',  ( 0.9202253338574934993, 0.8941713930232652041, -0.4474105737841130304 ) ) ;
#962 = ORIENTED_EDGE ( 'NONE', *, *, #1817, .T. ) ;
#963 = VECTOR ( 'NONE', #2111, 1000.000000000000000 ) ;
#964 = ADVANCED_FACE ( 'NONE', ( #1122 ), #1456, .T. ) ;
#965 = ADVANCED_FACE ( 'NONE', ( #2430 ), #2042, .F. ) ;
#966 = VERTEX_POINT ( 'NONE', #2529 ) ;
#967 = CARTESIAN_POINT ( 'NONE',  ( 0.9699999999999998623, 0.6599999999999919265, 0.5950000000000000844 ) ) ;
#968 = CARTESIAN_POINT ( 'NONE',  ( -0.8892584072847292687, 1.039859328175500419, 0.5142584072847292687 ) ) ;
#969 = CARTESIAN_POINT ( 'NONE',  ( 0.2000000000000000389, 0.1399999999999999856, 0.8850606066446772280 ) ) ;
#970 = CARTESIAN_POINT ( 'NONE',  ( -0.8933114696190699311, 1.020791169081767924, 0.4204967095456893511 ) ) ;
#971 = VERTEX_POINT ( 'NONE', #2762 ) ;
#972 = CARTESIAN_POINT ( 'NONE',  ( 0.9129450663853851955, 0.1662869376834033297, -0.5379450663853855286 ) ) ;
#973 = DIRECTION ( 'NONE',  ( -1.000000000000000000, -0.000000000000000000, -0.000000000000000000 ) ) ;
#974 = VECTOR ( 'NONE', #178, 1000.000000000000000 ) ;
#975 = CARTESIAN_POINT ( 'NONE',  ( -0.8962052868920562521, 0.7770856965116286208, -0.5701126669287468474 ) ) ;
#976 = DIRECTION ( 'NONE',  ( 0.000000000000000000, -0.000000000000000000, 1.000000000000000000 ) ) ;
#977 = CARTESIAN_POINT ( 'NONE',  ( 0.9451126669287466253, 0.7770856965116286208, -0.5212052868920564741 ) ) ;
#978 = EDGE_CURVE ( 'NONE', #2352, #2833, #2510, .T. ) ;
#979 = EDGE_LOOP ( 'NONE', ( #461, #774, #1340 ) ) ;
#980 = B_SPLINE_CURVE_WITH_KNOTS ( 'NONE', 3,
 ( #2106, #2075, #2327, #1660 ),
 .UNSPECIFIED., .F., .F.,
 ( 4, 4 ),
 ( -0.0002949718745211516672, 0.0002138598371825446969 ),
 .UNSPECIFIED. ) ;
#981 = ORIENTED_EDGE ( 'NONE', *, *, #1933, .T. ) ;
#982 = LINE ( 'NONE', #1592, #2522 ) ;
#983 = CARTESIAN_POINT ( 'NONE',  ( 0.8933114696190701531, 1.020791169081767924, 0.4204967095456893511 ) ) ;
#984 = VECTOR ( 'NONE', #2452, 1000.000000000000000 ) ;
#985 = DIRECTION ( 'NONE',  ( -1.000000000000000000, -0.000000000000000000, -0.000000000000000000 ) ) ;
#986 = DIRECTION ( 'NONE',  ( 0.000000000000000000, 0.000000000000000000, -1.000000000000000000 ) ) ;
#987 = VERTEX_POINT ( 'NONE', #2315 ) ;
#988 = CARTESIAN_POINT ( 'NONE',  ( 0.8463652388904023827, 0.3472062030054951509, -0.5698460141916237287 ) ) ;
#989 = CARTESIAN_POINT ( 'NONE',  ( -0.9999999999999995559, 0.1999999999999921285, 0.4423469276855314103 ) ) ;
#990 = EDGE_CURVE ( 'NONE', #1707, #2467, #301, .T. ) ;
#991 = LINE ( 'NONE', #755, #670 ) ;
#992 = CARTESIAN_POINT ( 'NONE',  ( -0.8933114696190699311, 1.020791169081767924, -0.4204967095456893511 ) ) ;
#993 = LINE ( 'NONE', #802, #1612 ) ;
#994 = VECTOR ( 'NONE', #2202, 1000.000000000000114 ) ;
#995 = ORIENTED_EDGE ( 'NONE', *, *, #183, .T. ) ;
#996 = EDGE_LOOP ( 'NONE', ( #560, #2113, #812, #2678 ) ) ;
#997 = LINE ( 'NONE', #1015, #2802 ) ;
#998 = LINE ( 'NONE', #1636, #804 ) ;
#999 = CIRCLE ( 'NONE', #2575, 0.1499999999999999667 ) ;
#1000 = PRESENTATION_LAYER_ASSIGNMENT (  '', '', ( #478 ) ) ;
#1001 = LINE ( 'NONE', #367, #1692 ) ;
#1002 = STYLED_ITEM ( 'NONE', ( #1106 ), #2453 ) ;
#1003 = DIRECTION ( 'NONE',  ( -0.000000000000000000, 0.9781476007338055778, -0.2079116908177600642 ) ) ;
#1004 = ORIENTED_EDGE ( 'NONE', *, *, #793, .F. ) ;
#1005 = CARTESIAN_POINT ( 'NONE',  ( 0.7625000000000001776, 0.1499999999999999944, -0.8850606066446772280 ) ) ;
#1006 = ADVANCED_FACE ( 'NONE', ( #771 ), #2470, .F. ) ;
#1007 = EDGE_CURVE ( 'NONE', #1935, #803, #1835, .T. ) ;
#1008 = CARTESIAN_POINT ( 'NONE',  ( -0.9012568908032594361, 0.1826351822332990260, -0.5408277029867523122 ) ) ;
#1009 = CARTESIAN_POINT ( 'NONE',  ( -0.9202253338574934993, 0.8941713930232652041, -0.4474105737841130304 ) ) ;
#1010 = VECTOR ( 'NONE', #781, 1000.000000000000000 ) ;
#1011 = ADVANCED_FACE ( 'NONE', ( #475 ), #504, .F. ) ;
#1012 = CARTESIAN_POINT ( 'NONE',  ( 0.7999999999999999334, 0.1400000000000000133, 1.050000000000000044 ) ) ;
#1013 = ORIENTED_EDGE ( 'NONE', *, *, #1499, .F. ) ;
#1014 = ORIENTED_EDGE ( 'NONE', *, *, #92, .T. ) ;
#1015 = CARTESIAN_POINT ( 'NONE',  ( -0.5374999999999999778, 0.6599999999999919265, 0.5950000000000000844 ) ) ;
#1016 = CARTESIAN_POINT ( 'NONE',  ( -0.5374999999999999778, 0.000000000000000000, -1.050000000000000044 ) ) ;
#1017 = PRODUCT_RELATED_PRODUCT_CATEGORY ( 'part', '', ( #1255 ) ) ;
#1018 = CARTESIAN_POINT ( 'NONE',  ( 0.7999999999999999334, 0.7999999999999919398, 0.5652420813661968024 ) ) ;
#1019 = CARTESIAN_POINT ( 'NONE',  ( 0.9448460141916231736, 0.3472062030054952064, 0.4713652388904029933 ) ) ;
#1020 = ORIENTED_EDGE ( 'NONE', *, *, #652, .T. ) ;
#1021 = CARTESIAN_POINT ( 'NONE',  ( 0.7999999999999999334, 0.1489547153673235758, 0.8751153876909943952 ) ) ;
#1022 = EDGE_CURVE ( 'NONE', #614, #1802, #738, .T. ) ;
#1023 = CLOSED_SHELL ( 'NONE', ( #1006, #1534, #2047, #1233, #2219, #2800, #1872, #1527, #1572, #2776, #1204, #280, #52, #1320 ) ) ;
#1024 = FACE_OUTER_BOUND ( 'NONE', #845, .T. ) ;
#1025 = EDGE_CURVE ( 'NONE', #2334, #1247, #2716, .T. ) ;
#1026 = CARTESIAN_POINT ( 'NONE',  ( -0.9999999999999995559, 0.6599999999999919265, 0.6250000000000000000 ) ) ;
#1027 = CARTESIAN_POINT ( 'NONE',  ( 0.9700000000000001954, 0.6599999999999919265, 0.5950000000000000844 ) ) ;
#1028 = VERTEX_POINT ( 'NONE', #1648 ) ;
#1029 = VERTEX_POINT ( 'NONE', #756 ) ;
#1030 = LINE ( 'NONE', #2353, #1645 ) ;
#1031 = FACE_OUTER_BOUND ( 'NONE', #59, .T. ) ;
#1032 = DIRECTION ( 'NONE',  ( 1.000000000000000000, 0.000000000000000000, 0.000000000000000000 ) ) ;
#1033 = VECTOR ( 'NONE', #1629, 1000.000000000000000 ) ;
#1034 = DIRECTION ( 'NONE',  ( 0.000000000000000000, 0.000000000000000000, 1.000000000000000000 ) ) ;
#1035 = ORIENTED_EDGE ( 'NONE', *, *, #1448, .F. ) ;
#1036 = DIRECTION ( 'NONE',  ( 0.000000000000000000, 0.000000000000000000, 1.000000000000000000 ) ) ;
#1037 = DIRECTION ( 'NONE',  ( 0.000000000000000000, 0.000000000000000000, -1.000000000000000000 ) ) ;
#1038 = CARTESIAN_POINT ( 'NONE',  ( 0.7999999999999999334, 0.6599999999999919265, 0.6356110025097669869 ) ) ;
#1039 = ORIENTED_EDGE ( 'NONE', *, *, #2172, .F. ) ;
#1040 = VERTEX_POINT ( 'NONE', #2493 ) ;
#1041 = EDGE_LOOP ( 'NONE', ( #570, #2816, #2000, #341 ) ) ;
#1042 = CARTESIAN_POINT ( 'NONE',  ( 0.5375000000000001998, 0.7999999999999919398, -0.5652420813661968024 ) ) ;
#1043 = CYLINDRICAL_SURFACE ( 'NONE', #1256, 0.05000000000000012768 ) ;
#1044 = VECTOR ( 'NONE', #1109, 1000.000000000000000 ) ;
#1045 = AXIS2_PLACEMENT_3D ( 'NONE', #1608, #1838, #2486 ) ;
#1046 = DIRECTION ( 'NONE',  ( 1.000000000000000000, 0.000000000000000000, -0.000000000000000000 ) ) ;
#1047 = ORIENTED_EDGE ( 'NONE', *, *, #927, .T. ) ;
#1048 = CIRCLE ( 'NONE', #248, 0.1499999999999999667 ) ;
#1049 = CIRCLE ( 'NONE', #2251, 0.1499999999999999667 ) ;
#1050 = CARTESIAN_POINT ( 'NONE',  ( -0.9999999999999995559, 0.6599999999999919265, 0.6250000000000000000 ) ) ;
#1051 = EDGE_LOOP ( 'NONE', ( #2223, #457, #447, #1940 ) ) ;
#1052 = ADVANCED_FACE ( 'NONE', ( #535 ), #740, .T. ) ;
#1053 = DIRECTION ( 'NONE',  ( 0.000000000000000000, 0.2079116908177598144, -0.9781476007338055778 ) ) ;
#1054 = DIRECTION ( 'NONE',  ( -0.000000000000000000, -1.000000000000000000, -0.000000000000000000 ) ) ;
#1055 = ORIENTED_EDGE ( 'NONE', *, *, #2448, .T. ) ;
#1056 = EDGE_LOOP ( 'NONE', ( #995, #2407 ) ) ;
#1057 = CARTESIAN_POINT ( 'NONE',  ( -0.7954967095456894066, 1.099999999999992095, 0.000000000000000000 ) ) ;
#1058 = DIRECTION ( 'NONE',  ( 0.000000000000000000, 1.540740080799961609E-15, 1.000000000000000000 ) ) ;
#1059 = ADVANCED_FACE ( 'NONE', ( #1373 ), #1429, .T. ) ;
#1060 = FACE_OUTER_BOUND ( 'NONE', #599, .T. ) ;
#1061 = DIRECTION ( 'NONE',  ( 1.000000000000000000, 0.000000000000000000, 0.000000000000000000 ) ) ;
#1062 = EDGE_LOOP ( 'NONE', ( #267, #2097, #827, #1722 ) ) ;
#1063 = VECTOR ( 'NONE', #2302, 1000.000000000000000 ) ;
#1064 = EDGE_LOOP ( 'NONE', ( #1335, #483, #2786, #188 ) ) ;
#1065 = DIRECTION ( 'NONE',  ( 0.000000000000000000, 1.000000000000000000, 0.000000000000000000 ) ) ;
#1066 = LINE ( 'NONE', #1351, #1295 ) ;
#1067 = ORIENTED_EDGE ( 'NONE', *, *, #393, .F. ) ;
#1068 = ORIENTED_EDGE ( 'NONE', *, *, #836, .T. ) ;
#1069 = CARTESIAN_POINT ( 'NONE',  ( 0.9231826194452010803, 0.5036031015027435664, -0.5974230070958118644 ) ) ;
#1070 = DIRECTION ( 'NONE',  ( 0.000000000000000000, 0.000000000000000000, 1.000000000000000000 ) ) ;
#1071 = CARTESIAN_POINT ( 'NONE',  ( -0.9699999999999999734, 0.6599999999999919265, 0.5950000000000000844 ) ) ;
#1072 = PLANE ( 'NONE',  #2249 ) ;
#1073 = ORIENTED_EDGE ( 'NONE', *, *, #186, .F. ) ;
#1074 = CARTESIAN_POINT ( 'NONE',  ( 0.8224105737841128638, 0.8941713930232652041, -0.5452253338574936103 ) ) ;
#1075 = ORIENTED_EDGE ( 'NONE', *, *, #1395, .T. ) ;
#1076 = VECTOR ( 'NONE', #1919, 1000.000000000000000 ) ;
#1077 = CARTESIAN_POINT ( 'NONE',  ( -0.5374999999999999778, 0.1400000000000000133, 0.8850606066446772280 ) ) ;
#1078 = EDGE_LOOP ( 'NONE', ( #2490, #320, #1359, #2620 ) ) ;
#1079 = VERTEX_POINT ( 'NONE', #2301 ) ;
#1080 = DIRECTION ( 'NONE',  ( 1.000000000000000000, 0.000000000000000000, 0.000000000000000000 ) ) ;
#1081 = CARTESIAN_POINT ( 'NONE',  ( 0.5375000000000001998, 0.7999999999999919398, -0.5652420813661968024 ) ) ;
#1082 = VECTOR ( 'NONE', #2754, 1000.000000000000000 ) ;
#1083 =( NAMED_UNIT ( * ) SI_UNIT ( $, .STERADIAN. ) SOLID_ANGLE_UNIT ( ) );
#1084 = CARTESIAN_POINT ( 'NONE',  ( -0.5374999999999999778, 0.6599999999999919265, -0.6356110025097669869 ) ) ;
#1085 = EDGE_CURVE ( 'NONE', #1707, #442, #2137, .T. ) ;
#1086 = AXIS2_PLACEMENT_3D ( 'NONE', #336, #1479, #2366 ) ;
#1087 = CARTESIAN_POINT ( 'NONE',  ( 0.5375000000000001998, 0.1489547153673235758, -0.8751153876909943952 ) ) ;
#1088 = ORIENTED_EDGE ( 'NONE', *, *, #1352, .F. ) ;
#1089 = VECTOR ( 'NONE', #1936, 1000.000000000000000 ) ;
#1090 = ADVANCED_FACE ( 'NONE', ( #72 ), #2732, .F. ) ;
#1091 = AXIS2_PLACEMENT_3D ( 'NONE', #2379, #1277, #2825 ) ;
#1092 = EDGE_CURVE ( 'NONE', #2059, #934, #1181, .T. ) ;
#1093 = DIRECTION ( 'NONE',  ( -1.000000000000000000, -0.000000000000000000, -0.000000000000000000 ) ) ;
#1094 = ORIENTED_EDGE ( 'NONE', *, *, #2076, .T. ) ;
#1095 = ORIENTED_EDGE ( 'NONE', *, *, #2564, .T. ) ;
#1096 = LINE ( 'NONE', #631, #242 ) ;
#1097 = DIRECTION ( 'NONE',  ( -0.000000000000000000, 0.9945218953682740670, -0.1045284632676467401 ) ) ;
#1098 = EDGE_CURVE ( 'NONE', #1298, #2004, #1861, .T. ) ;
#1099 = EDGE_LOOP ( 'NONE', ( #2197, #2303, #163, #1800 ) ) ;
#1100 = DIRECTION ( 'NONE',  ( 0.000000000000000000, -0.9781476007338055778, 0.2079116908177600365 ) ) ;
#1101 = FILL_AREA_STYLE ('',( #236 ) ) ;
#1102 = CIRCLE ( 'NONE', #1753, 0.1000000000000000472 ) ;
#1103 = DIRECTION ( 'NONE',  ( 3.469446951953614682E-16, 0.000000000000000000, 1.000000000000000000 ) ) ;
#1104 = ORIENTED_EDGE ( 'NONE', *, *, #2261, .F. ) ;
#1105 = EDGE_CURVE ( 'NONE', #103, #1543, #1687, .T. ) ;
#1106 = PRESENTATION_STYLE_ASSIGNMENT (( #649 ) ) ;
#1107 = ORIENTED_EDGE ( 'NONE', *, *, #1299, .T. ) ;
#1108 = ORIENTED_EDGE ( 'NONE', *, *, #269, .F. ) ;
#1109 = DIRECTION ( 'NONE',  ( 0.000000000000000000, 0.9945218953682740670, -0.1045284632676465181 ) ) ;
#1110 = CARTESIAN_POINT ( 'NONE',  ( 0.7954967095456895176, 1.020791169081767924, 0.5183114696190700421 ) ) ;
#1111 = EDGE_LOOP ( 'NONE', ( #2808, #1403, #1911, #1945 ) ) ;
#1112 = VECTOR ( 'NONE', #834, 1000.000000000000000 ) ;
#1113 = DIRECTION ( 'NONE',  ( 0.000000000000000000, -1.000000000000000000, -1.540740080799961412E-15 ) ) ;
#1114 = PLANE ( 'NONE',  #1131 ) ;
#1115 = EDGE_LOOP ( 'NONE', ( #981, #2427, #1850, #2169 ) ) ;
#1116 = DIRECTION ( 'NONE',  ( -1.000000000000000000, -0.000000000000000000, 0.000000000000000000 ) ) ;
#1117 = AXIS2_PLACEMENT_3D ( 'NONE', #989, #2297, #2123 ) ;
#1118 = EDGE_CURVE ( 'NONE', #1555, #790, #1445, .T. ) ;
#1119 = VERTEX_POINT ( 'NONE', #331 ) ;
#1120 = DIRECTION ( 'NONE',  ( 1.000000000000000000, 0.000000000000000000, -0.000000000000000000 ) ) ;
#1121 = CARTESIAN_POINT ( 'NONE',  ( -0.6754967095456894111, 1.049999999999992051, 0.3004967095456894666 ) ) ;
#1122 = FACE_OUTER_BOUND ( 'NONE', #797, .T. ) ;
#1123 = ORIENTED_EDGE ( 'NONE', *, *, #110, .T. ) ;
#1124 = EDGE_CURVE ( 'NONE', #117, #1888, #1663, .T. ) ;
#1125 = EDGE_LOOP ( 'NONE', ( #949, #147, #1849, #1068 ) ) ;
#1126 = DIRECTION ( 'NONE',  ( 0.000000000000000000, 0.000000000000000000, 1.000000000000000000 ) ) ;
#1127 = CARTESIAN_POINT ( 'NONE',  ( -0.8173469276855310772, 0.1826351822332990260, 0.5408277029867523122 ) ) ;
#1128 = CYLINDRICAL_SURFACE ( 'NONE', #2383, 0.1499999999999999667 ) ;
#1129 = ORIENTED_EDGE ( 'NONE', *, *, #345, .F. ) ;
#1130 = EDGE_CURVE ( 'NONE', #706, #1948, #2308, .T. ) ;
#1131 = AXIS2_PLACEMENT_3D ( 'NONE', #853, #678, #1841 ) ;
#1132 = ORIENTED_EDGE ( 'NONE', *, *, #617, .F. ) ;
#1133 =( GEOMETRIC_REPRESENTATION_CONTEXT ( 3 ) GLOBAL_UNCERTAINTY_ASSIGNED_CONTEXT ( ( #1399 ) ) GLOBAL_UNIT_ASSIGNED_CONTEXT ( ( #611, #1772, #2206 ) ) REPRESENTATION_CONTEXT ( 'NONE', 'WORKASPACE' ) );
#1134 = ORIENTED_EDGE ( 'NONE', *, *, #2239, .T. ) ;
#1135 = LINE ( 'NONE', #2254, #573 ) ;
#1136 = CARTESIAN_POINT ( 'NONE',  ( -0.9709816887951281394, 0.4954289792277958293, 0.5959816887951284725 ) ) ;
#1137 = ORIENTED_EDGE ( 'NONE', *, *, #2385, .T. ) ;
#1138 = DIRECTION ( 'NONE',  ( 0.000000000000000000, -0.9945218953682740670, -0.1045284632676461017 ) ) ;
#1139 = DIRECTION ( 'NONE',  ( 0.000000000000000000, 0.000000000000000000, 1.000000000000000000 ) ) ;
#1140 = EDGE_CURVE ( 'NONE', #125, #971, #2501, .T. ) ;
#1141 = CARTESIAN_POINT ( 'NONE',  ( -0.7624999999999999556, 0.1400000000000000133, -0.8850606066446772280 ) ) ;
#1142 = ORIENTED_EDGE ( 'NONE', *, *, #1085, .F. ) ;
#1143 = CARTESIAN_POINT ( 'NONE',  ( -0.6754967095456894111, 1.099999999999992095, 0.3004967095456894666 ) ) ;
#1144 = DIRECTION ( 'NONE',  ( 0.000000000000000000, -1.000000000000000000, 0.000000000000000000 ) ) ;
#1145 = ORIENTED_EDGE ( 'NONE', *, *, #1310, .F. ) ;
#1146 = SPHERICAL_SURFACE ( 'NONE', #2624, 0.1000000000000000056 ) ;
#1147 = DIRECTION ( 'NONE',  ( 0.000000000000000000, 0.000000000000000000, -1.000000000000000000 ) ) ;
#1148 = ORIENTED_EDGE ( 'NONE', *, *, #1268, .T. ) ;
#1149 = AXIS2_PLACEMENT_3D ( 'NONE', #1367, #2590, #1556 ) ;
#1150 = ORIENTED_EDGE ( 'NONE', *, *, #583, .F. ) ;
#1151 = CARTESIAN_POINT ( 'NONE',  ( 0.5375000000000001998, 0.7999999999999920508, -0.6356110025097669869 ) ) ;
#1152 = CARTESIAN_POINT ( 'NONE',  ( 0.8173469276855311882, 0.1999999999999921285, 0.4423469276855315213 ) ) ;
#1153 = DIRECTION ( 'NONE',  ( 0.000000000000000000, 0.000000000000000000, 1.000000000000000000 ) ) ;
#1154 = LINE ( 'NONE', #1869, #1369 ) ;
#1155 = VERTEX_POINT ( 'NONE', #1887 ) ;
#1156 = CARTESIAN_POINT ( 'NONE',  ( -0.5374999999999999778, 0.7999999999999919398, -0.5652420813661968024 ) ) ;
#1157 = DIRECTION ( 'NONE',  ( 1.000000000000000000, 0.000000000000000000, -0.000000000000000000 ) ) ;
#1158 = VECTOR ( 'NONE', #784, 1000.000000000000000 ) ;
#1159 = UNCERTAINTY_MEASURE_WITH_UNIT (LENGTH_MEASURE( 1.000000000000000082E-05 ), #838, 'distance_accuracy_value', 'NONE');
#1160 = DIRECTION ( 'NONE',  ( -1.000000000000000000, -0.000000000000000000, -0.000000000000000000 ) ) ;
#1161 = DIRECTION ( 'NONE',  ( 0.000000000000000000, 0.2079116908177600365, -0.9781476007338055778 ) ) ;
#1162 = EDGE_CURVE ( 'NONE', #1029, #1634, #766, .T. ) ;
#1163 = ORIENTED_EDGE ( 'NONE', *, *, #605, .T. ) ;
#1164 = ORIENTED_EDGE ( 'NONE', *, *, #1268, .F. ) ;
#1165 = FACE_OUTER_BOUND ( 'NONE', #2286, .T. ) ;
#1166 = CARTESIAN_POINT ( 'NONE',  ( -0.7954967095456894066, 0.9999999999999920064, -0.4204967095456894621 ) ) ;
#1167 = APPLICATION_PROTOCOL_DEFINITION ( 'draft international standard', 'automotive_design', 1998, #1244 ) ;
#1168 = EDGE_CURVE ( 'NONE', #30, #1028, #2771, .T. ) ;
#1169 = DIRECTION ( 'NONE',  ( 0.000000000000000000, -0.1045284632676461156, 0.9945218953682741780 ) ) ;
#1170 = FACE_OUTER_BOUND ( 'NONE', #1183, .T. ) ;
#1171 = ORIENTED_EDGE ( 'NONE', *, *, #1907, .T. ) ;
#1172 = CARTESIAN_POINT ( 'NONE',  ( -0.7624999999999999556, 0.000000000000000000, -1.050000000000000044 ) ) ;
#1173 =( GEOMETRIC_REPRESENTATION_CONTEXT ( 3 ) GLOBAL_UNCERTAINTY_ASSIGNED_CONTEXT ( ( #930 ) ) GLOBAL_UNIT_ASSIGNED_CONTEXT ( ( #893, #2666, #1362 ) ) REPRESENTATION_CONTEXT ( 'NONE', 'WORKASPACE' ) );
#1174 = DIRECTION ( 'NONE',  ( 0.000000000000000000, 1.540740080799961609E-15, 1.000000000000000000 ) ) ;
#1175 = VECTOR ( 'NONE', #889, 1000.000000000000000 ) ;
#1176 = VECTOR ( 'NONE', #2319, 999.9999999999998863 ) ;
#1177 = EDGE_CURVE ( 'NONE', #2292, #669, #2323, .T. ) ;
#1178 = EDGE_CURVE ( 'NONE', #744, #1828, #1459, .T. ) ;
#1179 = CARTESIAN_POINT ( 'NONE',  ( -0.5374999999999999778, 0.000000000000000000, -0.8850606066446772280 ) ) ;
#1180 = VECTOR ( 'NONE', #2057, 1000.000000000000000 ) ;
#1181 = LINE ( 'NONE', #932, #468 ) ;
#1182 = EDGE_LOOP ( 'NONE', ( #119, #42, #2431, #2606, #720, #1449, #1548, #430, #2112, #2570, #938, #662 ) ) ;
#1183 = EDGE_LOOP ( 'NONE', ( #2766, #1287, #1272, #391 ) ) ;
#1184 = CARTESIAN_POINT ( 'NONE',  ( -0.9724230070958115313, 0.5036031015027435664, -0.5481826194452014134 ) ) ;
#1185 = CARTESIAN_POINT ( 'NONE',  ( -0.7954967095456894066, 0.9999999999999920064, 0.4204967095456894621 ) ) ;
#1186 = B_SPLINE_CURVE_WITH_KNOTS ( 'NONE', 3,
 ( #1050, #2462, #1488, #1348 ),
 .UNSPECIFIED., .F., .F.,
 ( 4, 4 ),
 ( -0.0002949718745211516672, 0.0002138598371825446969 ),
 .UNSPECIFIED. ) ;
#1187 = CARTESIAN_POINT ( 'NONE',  ( -0.5374999999999999778, 0.1489547153673235758, -0.8751153876909943952 ) ) ;
#1188 = FACE_OUTER_BOUND ( 'NONE', #856, .T. ) ;
#1189 = EDGE_LOOP ( 'NONE', ( #629, #2496, #2036, #1020 ) ) ;
#1190 = DIRECTION ( 'NONE',  ( 0.1736481776669307198, -0.9848077530122080203, 0.000000000000000000 ) ) ;
#1191 = CARTESIAN_POINT ( 'NONE',  ( -0.5374999999999999778, 0.1499999999999999944, -0.8850606066446772280 ) ) ;
#1192 = ADVANCED_FACE ( 'NONE', ( #1170 ), #499, .T. ) ;
#1193 = DIRECTION ( 'NONE',  ( 0.000000000000000000, -1.000000000000000000, 1.643334182377291610E-16 ) ) ;
#1194 = DIRECTION ( 'NONE',  ( 0.000000000000000000, -1.000000000000000000, -1.540740080799961412E-15 ) ) ;
#1195 = FACE_OUTER_BOUND ( 'NONE', #1125, .T. ) ;
#1196 = VERTEX_POINT ( 'NONE', #970 ) ;
#1197 = AXIS2_PLACEMENT_3D ( 'NONE', #2779, #788, #1848 ) ;
#1198 = ORIENTED_EDGE ( 'NONE', *, *, #2763, .F. ) ;
#1199 = CARTESIAN_POINT ( 'NONE',  ( 0.9451126669287466253, 0.7770856965116286208, 0.5212052868920564741 ) ) ;
#1200 = CARTESIAN_POINT ( 'NONE',  ( 0.7625000000000001776, 0.6152264231633740588, -0.6853370972781808179 ) ) ;
#1201 = PLANE ( 'NONE',  #1743 ) ;
#1202 = FACE_BOUND ( 'NONE', #2585, .T. ) ;
#1203 = ORIENTED_EDGE ( 'NONE', *, *, #2082, .T. ) ;
#1204 = ADVANCED_FACE ( 'NONE', ( #559 ), #1221, .F. ) ;
#1205 = CARTESIAN_POINT ( 'NONE',  ( -0.9699999999999999734, 0.6599999999999919265, 0.5950000000000000844 ) ) ;
#1206 = CARTESIAN_POINT ( 'NONE',  ( 0.9129450663853851955, 0.1662869376834033297, -0.5379450663853855286 ) ) ;
#1207 = AXIS2_PLACEMENT_3D ( 'NONE', #1724, #2608, #602 ) ;
#1208 = ADVANCED_FACE ( 'NONE', ( #1202, #2276 ), #310, .T. ) ;
#1209 = DIRECTION ( 'NONE',  ( 0.000000000000000000, 0.000000000000000000, 1.000000000000000000 ) ) ;
#1210 = DIRECTION ( 'NONE',  ( 0.000000000000000000, -1.540740080799961412E-15, 1.000000000000000000 ) ) ;
#1211 = CARTESIAN_POINT ( 'NONE',  ( 0.7999999999999999334, 0.6298604080208444200, 0.8245701626297392561 ) ) ;
#1212 = VERTEX_POINT ( 'NONE', #94 ) ;
#1213 = EDGE_CURVE ( 'NONE', #2382, #234, #2432, .T. ) ;
#1214 = EDGE_LOOP ( 'NONE', ( #1578, #180, #1134, #2870 ) ) ;
#1215 = LINE ( 'NONE', #642, #665 ) ;
#1216 = CARTESIAN_POINT ( 'NONE',  ( -0.5374999999999999778, 0.7999999999999919398, -0.5652420813661968024 ) ) ;
#1217 = VECTOR ( 'NONE', #1174, 1000.000000000000000 ) ;
#1218 = ADVANCED_FACE ( 'NONE', ( #1188 ), #887, .F. ) ;
#1219 = EDGE_CURVE ( 'NONE', #966, #1570, #108, .T. ) ;
#1220 = CARTESIAN_POINT ( 'NONE',  ( -0.6754967095456894111, 1.099999999999992095, 0.3004967095456894666 ) ) ;
#1221 = CYLINDRICAL_SURFACE ( 'NONE', #14, 0.05000000000000002359 ) ;
#1222 = ORIENTED_EDGE ( 'NONE', *, *, #2411, .F. ) ;
#1223 = CARTESIAN_POINT ( 'NONE',  ( -0.5374999999999999778, 0.6152264231633740588, -0.6853370972781808179 ) ) ;
#1224 = ADVANCED_FACE ( 'NONE', ( #1611 ), #2726, .T. ) ;
#1225 = VECTOR ( 'NONE', #1657, 1000.000000000000000 ) ;
#1226 = DIRECTION ( 'NONE',  ( 0.000000000000000000, 0.000000000000000000, -1.000000000000000000 ) ) ;
#1227 = CIRCLE ( 'NONE', #338, 0.05000000000000002359 ) ;
#1228 = CARTESIAN_POINT ( 'NONE',  ( -0.5374999999999999778, 0.6599999999999919265, -0.5950000000000000844 ) ) ;
#1229 = VERTEX_POINT ( 'NONE', #2043 ) ;
#1230 = ORIENTED_EDGE ( 'NONE', *, *, #2553, .T. ) ;
#1231 = DIRECTION ( 'NONE',  ( 0.000000000000000000, 0.000000000000000000, 1.000000000000000000 ) ) ;
#1232 = CARTESIAN_POINT ( 'NONE',  ( -0.7624999999999999556, 0.7999999999999919398, -0.5652420813661968024 ) ) ;
#1233 = ADVANCED_FACE ( 'NONE', ( #1812 ), #33, .F. ) ;
#1234 = AXIS2_PLACEMENT_3D ( 'NONE', #2695, #1169, #764 ) ;
#1235 = PRESENTATION_LAYER_ASSIGNMENT (  '', '', ( #2712 ) ) ;
#1236 = DIRECTION ( 'NONE',  ( 0.000000000000000000, 0.000000000000000000, 1.000000000000000000 ) ) ;
#1237 = CARTESIAN_POINT ( 'NONE',  ( 0.7625000000000001776, 0.1400000000000000133, -1.050000000000000044 ) ) ;
#1238 = EDGE_LOOP ( 'NONE', ( #2009, #2179, #2807, #1417 ) ) ;
#1239 = EDGE_CURVE ( 'NONE', #1327, #971, #1154, .T. ) ;
#1240 = DIRECTION ( 'NONE',  ( 0.000000000000000000, 0.000000000000000000, -1.000000000000000000 ) ) ;
#1241 = DIRECTION ( 'NONE',  ( -1.000000000000000000, 0.000000000000000000, 0.000000000000000000 ) ) ;
#1242 = CARTESIAN_POINT ( 'NONE',  ( -0.8224105737841128638, 0.8941713930232652041, -0.5452253338574936103 ) ) ;
#1243 = VECTOR ( 'NONE', #1471, 1000.000000000000114 ) ;
#1244 = APPLICATION_CONTEXT ( 'automotive_design' ) ;
#1245 = LINE ( 'NONE', #2095, #963 ) ;
#1246 = EDGE_LOOP ( 'NONE', ( #2444, #2008, #2253, #1746 ) ) ;
#1247 = VERTEX_POINT ( 'NONE', #1422 ) ;
#1248 = CARTESIAN_POINT ( 'NONE',  ( -0.5374999999999999778, 0.1499999999999999944, 0.8850606066446772280 ) ) ;
#1249 = DIRECTION ( 'NONE',  ( -1.000000000000000000, -0.000000000000000000, -0.000000000000000000 ) ) ;
#1250 = DIRECTION ( 'NONE',  ( 0.000000000000000000, 0.000000000000000000, 1.000000000000000000 ) ) ;
#1251 = DIRECTION ( 'NONE',  ( 1.000000000000000000, -0.000000000000000000, -0.000000000000000000 ) ) ;
#1252 = EDGE_LOOP ( 'NONE', ( #2232, #600, #1842, #1203 ) ) ;
#1253 = CYLINDRICAL_SURFACE ( 'NONE', #352, 0.1900000000000001688 ) ;
#1254 = LINE ( 'NONE', #2138, #748 ) ;
#1255 = PRODUCT ( 'ADM6711TAKS-REEL', 'ADM6711TAKS-REEL', '', ( #2070 ) ) ;
#1256 = AXIS2_PLACEMENT_3D ( 'NONE', #2582, #1508, #2171 ) ;
#1257 = CARTESIAN_POINT ( 'NONE',  ( -0.5374999999999999778, 0.1343207305098530480, -0.7358823223394361790 ) ) ;
#1258 = CARTESIAN_POINT ( 'NONE',  ( 0.7999999999999999334, 2.710505431213761085E-17, 0.8850606066446772280 ) ) ;
#1259 = ORIENTED_EDGE ( 'NONE', *, *, #2125, .F. ) ;
#1260 = EDGE_LOOP ( 'NONE', ( #2472, #412, #2671 ) ) ;
#1261 = DIRECTION ( 'NONE',  ( 0.000000000000000000, 0.000000000000000000, 1.000000000000000000 ) ) ;
#1262 = DIRECTION ( 'NONE',  ( -1.000000000000000000, -0.000000000000000000, -0.000000000000000000 ) ) ;
#1263 = EDGE_CURVE ( 'NONE', #335, #2030, #2725, .T. ) ;
#1264 = CARTESIAN_POINT ( 'NONE',  ( -0.9448460141916231736, 0.3472062030054952064, 0.4713652388904029933 ) ) ;
#1265 = VECTOR ( 'NONE', #1831, 1000.000000000000000 ) ;
#1266 = ORIENTED_EDGE ( 'NONE', *, *, #361, .T. ) ;
#1267 = EDGE_CURVE ( 'NONE', #2324, #1731, #2322, .T. ) ;
#1268 = EDGE_CURVE ( 'NONE', #2343, #2674, #1639, .T. ) ;
#1269 = EDGE_CURVE ( 'NONE', #1464, #1731, #999, .T. ) ;
#1270 = FACE_OUTER_BOUND ( 'NONE', #1837, .T. ) ;
#1271 = ORIENTED_EDGE ( 'NONE', *, *, #874, .F. ) ;
#1272 = ORIENTED_EDGE ( 'NONE', *, *, #183, .F. ) ;
#1273 = LINE ( 'NONE', #2144, #2013 ) ;
#1274 = DIRECTION ( 'NONE',  ( 0.000000000000000000, 1.643334182377291610E-16, -1.000000000000000000 ) ) ;
#1275 = VECTOR ( 'NONE', #2609, 1000.000000000000000 ) ;
#1276 = DIRECTION ( 'NONE',  ( -1.000000000000000000, -0.000000000000000000, 0.000000000000000000 ) ) ;
#1277 = DIRECTION ( 'NONE',  ( 0.000000000000000000, -1.000000000000000000, 1.540740080799961412E-15 ) ) ;
#1278 = ORIENTED_EDGE ( 'NONE', *, *, #2355, .F. ) ;
#1279 = AXIS2_PLACEMENT_3D ( 'NONE', #93, #985, #2262 ) ;
#1280 = CIRCLE ( 'NONE', #286, 0.1000000000000000472 ) ;
#1281 = VECTOR ( 'NONE', #1575, 1000.000000000000000 ) ;
#1282 = LINE ( 'NONE', #19, #2185 ) ;
#1283 = ORIENTED_EDGE ( 'NONE', *, *, #345, .T. ) ;
#1284 = FACE_OUTER_BOUND ( 'NONE', #1790, .T. ) ;
#1285 = VERTEX_POINT ( 'NONE', #2536 ) ;
#1286 = EDGE_LOOP ( 'NONE', ( #2021, #1132, #1075 ) ) ;
#1287 = ORIENTED_EDGE ( 'NONE', *, *, #2503, .T. ) ;
#1288 = LINE ( 'NONE', #1752, #1175 ) ;
#1289 = LINE ( 'NONE', #121, #366 ) ;
#1290 = CYLINDRICAL_SURFACE ( 'NONE', #2471, 0.1499999999999999667 ) ;
#1291 = CARTESIAN_POINT ( 'NONE',  ( 0.7999999999999999334, 0.6599999999999919265, 0.5950000000000000844 ) ) ;
#1292 = ORIENTED_EDGE ( 'NONE', *, *, #2686, .F. ) ;
#1293 = CARTESIAN_POINT ( 'NONE',  ( 0.9699999999999998623, 0.6599999999999919265, -0.5950000000000000844 ) ) ;
#1294 = ORIENTED_EDGE ( 'NONE', *, *, #1567, .T. ) ;
#1295 = VECTOR ( 'NONE', #2233, 1000.000000000000000 ) ;
#1296 = B_SPLINE_CURVE_WITH_KNOTS ( 'NONE', 3,
 ( #1404, #2706, #1184, #716 ),
 .UNSPECIFIED., .F., .F.,
 ( 4, 4 ),
 ( -0.0002949718745211516672, 0.0002138598371825446969 ),
 .UNSPECIFIED. ) ;
#1297 = DIRECTION ( 'NONE',  ( -1.000000000000000000, 0.000000000000000000, 0.000000000000000000 ) ) ;
#1298 = VERTEX_POINT ( 'NONE', #77 ) ;
#1299 = EDGE_CURVE ( 'NONE', #292, #2692, #543, .T. ) ;
#1300 = VERTEX_POINT ( 'NONE', #1840 ) ;
#1301 = DIRECTION ( 'NONE',  ( 1.000000000000000000, -0.000000000000000000, -0.000000000000000000 ) ) ;
#1302 = CARTESIAN_POINT ( 'NONE',  ( -0.5374999999999999778, 0.6152264231633740588, 0.6853370972781807069 ) ) ;
#1303 = DIRECTION ( 'NONE',  ( 1.000000000000000000, 0.000000000000000000, 0.000000000000000000 ) ) ;
#1304 = EDGE_CURVE ( 'NONE', #162, #2016, #386, .T. ) ;
#1305 = EDGE_CURVE ( 'NONE', #428, #614, #2500, .T. ) ;
#1306 = EDGE_CURVE ( 'NONE', #971, #2611, #1407, .T. ) ;
#1307 = CIRCLE ( 'NONE', #2506, 0.1499999999999999667 ) ;
#1308 = FACE_OUTER_BOUND ( 'NONE', #842, .T. ) ;
#1309 = ORIENTED_EDGE ( 'NONE', *, *, #2256, .T. ) ;
#1310 = EDGE_CURVE ( 'NONE', #2259, #1492, #112, .T. ) ;
#1311 = EDGE_CURVE ( 'NONE', #2365, #2618, #2764, .T. ) ;
#1312 = CARTESIAN_POINT ( 'NONE',  ( 0.7954967095456894066, 0.9999999999999920064, 0.4204967095456894621 ) ) ;
#1313 = ORIENTED_EDGE ( 'NONE', *, *, #1684, .T. ) ;
#1314 = VERTEX_POINT ( 'NONE', #2029 ) ;
#1315 = LINE ( 'NONE', #445, #1509 ) ;
#1316 = CARTESIAN_POINT ( 'NONE',  ( -0.9231826194452010803, 0.5036031015027435664, 0.5974230070958118644 ) ) ;
#1317 = AXIS2_PLACEMENT_3D ( 'NONE', #2065, #1631, #2038 ) ;
#1318 = CARTESIAN_POINT ( 'NONE',  ( 0.8892584072847292687, 1.039859328175500419, 0.5142584072847292687 ) ) ;
#1319 = AXIS2_PLACEMENT_3D ( 'NONE', #873, #1723, #2649 ) ;
#1320 = ADVANCED_FACE ( 'NONE', ( #2307 ), #1201, .F. ) ;
#1321 = CARTESIAN_POINT ( 'NONE',  ( -0.9699999999999999734, 0.6599999999999918154, 0.5950000000000000844 ) ) ;
#1322 = LINE ( 'NONE', #1799, #2242 ) ;
#1323 = ORIENTED_EDGE ( 'NONE', *, *, #232, .F. ) ;
#1324 = PRODUCT_DEFINITION_SHAPE ( 'NONE', 'NONE',  #401 ) ;
#1325 = VECTOR ( 'NONE', #626, 1000.000000000000000 ) ;
#1326 = EDGE_CURVE ( 'NONE', #1247, #125, #900, .T. ) ;
#1327 = VERTEX_POINT ( 'NONE', #482 ) ;
#1328 = ORIENTED_EDGE ( 'NONE', *, *, #1267, .F. ) ;
#1329 = LINE ( 'NONE', #2210, #2517 ) ;
#1330 = DIRECTION ( 'NONE',  ( -1.000000000000000000, -0.000000000000000000, -0.000000000000000000 ) ) ;
#1331 = EDGE_LOOP ( 'NONE', ( #1895, #908, #1693 ) ) ;
#1332 = CARTESIAN_POINT ( 'NONE',  ( -0.9451126669287466253, 0.7770856965116286208, 0.5212052868920564741 ) ) ;
#1333 =( BOUNDED_CURVE ( )  B_SPLINE_CURVE ( 2, ( #1127, #855, #622 ),
 .UNSPECIFIED., .F., .T. ) 
 B_SPLINE_CURVE_WITH_KNOTS ( ( 3, 3 ),
 ( 0.000000000000000000, 1.000000000000000000 ),
 .UNSPECIFIED. ) 
 CURVE ( )  GEOMETRIC_REPRESENTATION_ITEM ( )  RATIONAL_B_SPLINE_CURVE ( ( 1.000000000000000000, 0.7176885430348760586, 1.000000000000000000 ) ) 
 REPRESENTATION_ITEM ( '' )  );
#1334 = FACE_OUTER_BOUND ( 'NONE', #1596, .T. ) ;
#1335 = ORIENTED_EDGE ( 'NONE', *, *, #1140, .T. ) ;
#1336 = LINE ( 'NONE', #455, #921 ) ;
#1337 = VECTOR ( 'NONE', #1251, 1000.000000000000000 ) ;
#1338 = EDGE_CURVE ( 'NONE', #1948, #1888, #476, .T. ) ;
#1339 = ORIENTED_EDGE ( 'NONE', *, *, #2071, .F. ) ;
#1340 = ORIENTED_EDGE ( 'NONE', *, *, #1821, .T. ) ;
#1341 = CARTESIAN_POINT ( 'NONE',  ( 0.7954967095456896287, 0.9999999999999920064, 0.000000000000000000 ) ) ;
#1342 = FACE_OUTER_BOUND ( 'NONE', #2703, .T. ) ;
#1343 = ORIENTED_EDGE ( 'NONE', *, *, #2448, .F. ) ;
#1344 = EDGE_CURVE ( 'NONE', #780, #1775, #266, .T. ) ;
#1345 = AXIS2_PLACEMENT_3D ( 'NONE', #1804, #246, #2873 ) ;
#1346 = FILL_AREA_STYLE_COLOUR ( '', #291 ) ;
#1347 = DIRECTION ( 'NONE',  ( 0.000000000000000000, 0.000000000000000000, -1.000000000000000000 ) ) ;
#1348 = CARTESIAN_POINT ( 'NONE',  ( -0.8173469276855310772, 0.1826351822332990260, 0.5408277029867523122 ) ) ;
#1349 = DIRECTION ( 'NONE',  ( -1.000000000000000000, -0.000000000000000000, 0.000000000000000000 ) ) ;
#1350 = ORIENTED_EDGE ( 'NONE', *, *, #2019, .F. ) ;
#1351 = CARTESIAN_POINT ( 'NONE',  ( -0.7624999999999999556, 0.6152264231633740588, -0.6853370972781807069 ) ) ;
#1352 = EDGE_CURVE ( 'NONE', #335, #698, #1925, .T. ) ;
#1353 = LINE ( 'NONE', #1382, #2183 ) ;
#1354 = MECHANICAL_DESIGN_GEOMETRIC_PRESENTATION_REPRESENTATION (  '', ( #885 ), #843 ) ;
#1355 = VERTEX_POINT ( 'NONE', #1886 ) ;
#1356 = DIRECTION ( 'NONE',  ( 1.000000000000000000, 0.000000000000000000, 0.000000000000000000 ) ) ;
#1357 = EDGE_CURVE ( 'NONE', #2602, #290, #1468, .T. ) ;
#1358 = CARTESIAN_POINT ( 'NONE',  ( 0.9699999999999999734, 0.6599999999999919265, 0.5950000000000000844 ) ) ;
#1359 = ORIENTED_EDGE ( 'NONE', *, *, #1805, .T. ) ;
#1360 = ORIENTED_EDGE ( 'NONE', *, *, #1178, .T. ) ;
#1361 = FACE_OUTER_BOUND ( 'NONE', #2096, .T. ) ;
#1362 =( NAMED_UNIT ( * ) SI_UNIT ( $, .STERADIAN. ) SOLID_ANGLE_UNIT ( ) );
#1363 = DIRECTION ( 'NONE',  ( 0.000000000000000000, -0.9945218953682740670, -0.1045284632676467262 ) ) ;
#1364 = CARTESIAN_POINT ( 'NONE',  ( 0.8173469276855315213, 0.1999999999999921285, -0.6250000000000000000 ) ) ;
#1365 = ORIENTED_EDGE ( 'NONE', *, *, #1124, .F. ) ;
#1366 = AXIS2_PLACEMENT_3D ( 'NONE', #417, #2400, #2836 ) ;
#1367 = CARTESIAN_POINT ( 'NONE',  ( 0.7999999999999999334, 0.6599999999999919265, 0.6356110025097669869 ) ) ;
#1368 = DIRECTION ( 'NONE',  ( -1.000000000000000000, -0.000000000000000000, -0.000000000000000000 ) ) ;
#1369 = VECTOR ( 'NONE', #1656, 1000.000000000000000 ) ;
#1370 = COLOUR_RGB ( '',0.7921568627450980005, 0.8196078431372548767, 0.9333333333333333481 ) ;
#1371 = ORIENTED_EDGE ( 'NONE', *, *, #1605, .F. ) ;
#1372 = DIRECTION ( 'NONE',  ( -1.000000000000000000, -0.000000000000000000, -0.000000000000000000 ) ) ;
#1373 = FACE_OUTER_BOUND ( 'NONE', #2814, .T. ) ;
#1374 = ORIENTED_EDGE ( 'NONE', *, *, #2587, .F. ) ;
#1375 = VERTEX_POINT ( 'NONE', #2160 ) ;
#1376 = LINE ( 'NONE', #264, #200 ) ;
#1377 = SURFACE_STYLE_FILL_AREA ( #1101 ) ;
#1378 = CARTESIAN_POINT ( 'NONE',  ( -0.5374999999999999778, 0.6298604080208444200, 0.8245701626297392561 ) ) ;
#1379 = VECTOR ( 'NONE', #1425, 1000.000000000000000 ) ;
#1380 = ORIENTED_EDGE ( 'NONE', *, *, #735, .F. ) ;
#1381 = EDGE_CURVE ( 'NONE', #1514, #671, #945, .T. ) ;
#1382 = CARTESIAN_POINT ( 'NONE',  ( 0.7625000000000001776, 0.1400000000000000133, -0.8850606066446772280 ) ) ;
#1383 = DIRECTION ( 'NONE',  ( -1.000000000000000000, -0.000000000000000000, -0.000000000000000000 ) ) ;
#1384 = DIRECTION ( 'NONE',  ( -0.000000000000000000, -0.000000000000000000, 1.000000000000000000 ) ) ;
#1385 = EDGE_CURVE ( 'NONE', #1375, #1040, #667, .T. ) ;
#1386 = EDGE_LOOP ( 'NONE', ( #2772, #1778, #2178 ) ) ;
#1387 = AXIS2_PLACEMENT_3D ( 'NONE', #2017, #226, #598 ) ;
#1388 = ORIENTED_EDGE ( 'NONE', *, *, #2172, .T. ) ;
#1389 = DIRECTION ( 'NONE',  ( -1.000000000000000000, -0.000000000000000000, 0.000000000000000000 ) ) ;
#1390 = DIRECTION ( 'NONE',  ( 0.000000000000000000, -0.1045284632676461156, 0.9945218953682741780 ) ) ;
#1391 = DIRECTION ( 'NONE',  ( -1.000000000000000000, -0.000000000000000000, 0.000000000000000000 ) ) ;
#1392 = DIRECTION ( 'NONE',  ( 0.000000000000000000, 1.000000000000000000, 0.000000000000000000 ) ) ;
#1393 = ORIENTED_EDGE ( 'NONE', *, *, #1797, .F. ) ;
#1394 = ADVANCED_FACE ( 'NONE', ( #1060 ), #123, .T. ) ;
#1395 = EDGE_CURVE ( 'NONE', #1802, #2374, #65, .T. ) ;
#1396 = DIRECTION ( 'NONE',  ( 1.000000000000000000, 0.000000000000000000, 0.000000000000000000 ) ) ;
#1397 = CARTESIAN_POINT ( 'NONE',  ( 0.7625000000000001776, 0.6298604080208444200, -0.8245701626297392561 ) ) ;
#1398 = ADVANCED_FACE ( 'NONE', ( #2368 ), #2356, .F. ) ;
#1399 = UNCERTAINTY_MEASURE_WITH_UNIT (LENGTH_MEASURE( 1.000000000000000082E-05 ), #611, 'distance_accuracy_value', 'NONE');
#1400 = DIRECTION ( 'NONE',  ( 0.000000000000000000, -0.9945218953682740670, -0.1045284632676461017 ) ) ;
#1401 = CARTESIAN_POINT ( 'NONE',  ( -0.6754967095456894111, 1.049999999999992051, 0.3004967095456894666 ) ) ;
#1402 = ORIENTED_EDGE ( 'NONE', *, *, #1022, .F. ) ;
#1403 = ORIENTED_EDGE ( 'NONE', *, *, #479, .F. ) ;
#1404 = CARTESIAN_POINT ( 'NONE',  ( -0.9158277029867518682, 0.1826351822332990260, -0.4423469276855315213 ) ) ;
#1405 = CARTESIAN_POINT ( 'NONE',  ( -0.6754967095456894111, 1.049999999999992051, 0.3604967095456894088 ) ) ;
#1406 = EDGE_CURVE ( 'NONE', #2270, #1155, #1001, .T. ) ;
#1407 = LINE ( 'NONE', #1439, #1784 ) ;
#1408 = CARTESIAN_POINT ( 'NONE',  ( 0.7625000000000001776, 0.7999999999999920508, -0.6356110025097669869 ) ) ;
#1409 = ORIENTED_EDGE ( 'NONE', *, *, #1701, .F. ) ;
#1410 = CARTESIAN_POINT ( 'NONE',  ( 0.7999999999999999334, 0.1400000000000000133, 1.050000000000000044 ) ) ;
#1411 = CARTESIAN_POINT ( 'NONE',  ( 0.2000000000000000389, 0.1499999999999999944, 0.8850606066446772280 ) ) ;
#1412 = CIRCLE ( 'NONE', #1366, 0.1000000000000000472 ) ;
#1413 = FACE_OUTER_BOUND ( 'NONE', #861, .T. ) ;
#1414 = AXIS2_PLACEMENT_3D ( 'NONE', #497, #281, #577 ) ;
#1415 = CARTESIAN_POINT ( 'NONE',  ( -0.8463652388904023827, 0.3472062030054951509, -0.5698460141916237287 ) ) ;
#1416 = DIRECTION ( 'NONE',  ( -0.000000000000000000, -1.000000000000000000, 0.000000000000000000 ) ) ;
#1417 = ORIENTED_EDGE ( 'NONE', *, *, #385, .T. ) ;
#1418 = VECTOR ( 'NONE', #566, 1000.000000000000000 ) ;
#1419 = ORIENTED_EDGE ( 'NONE', *, *, #2200, .T. ) ;
#1420 = CARTESIAN_POINT ( 'NONE',  ( 0.8224105737841128638, 0.8941713930232652041, 0.5452253338574936103 ) ) ;
#1421 = FACE_OUTER_BOUND ( 'NONE', #1386, .T. ) ;
#1422 = CARTESIAN_POINT ( 'NONE',  ( 0.2000000000000000389, 0.6152264231633740588, 0.6853370972781808179 ) ) ;
#1423 = CARTESIAN_POINT ( 'NONE',  ( -0.6754967095456894111, 1.099999999999992095, 0.3004967095456894666 ) ) ;
#1424 = ORIENTED_EDGE ( 'NONE', *, *, #1811, .T. ) ;
#1425 = DIRECTION ( 'NONE',  ( -1.000000000000000000, -0.000000000000000000, -0.000000000000000000 ) ) ;
#1426 = EDGE_CURVE ( 'NONE', #369, #229, #1048, .T. ) ;
#1427 = LINE ( 'NONE', #1008, #701 ) ;
#1428 = CARTESIAN_POINT ( 'NONE',  ( -0.5374999999999999778, 0.6298604080208444200, 0.8245701626297392561 ) ) ;
#1429 = CYLINDRICAL_SURFACE ( 'NONE', #55, 0.1900000000000001688 ) ;
#1430 = EDGE_CURVE ( 'NONE', #1079, #224, #2788, .T. ) ;
#1431 = LINE ( 'NONE', #772, #2484 ) ;
#1432 = ORIENTED_EDGE ( 'NONE', *, *, #1178, .F. ) ;
#1433 = CIRCLE ( 'NONE', #1197, 0.05999999999999994227 ) ;
#1434 = ORIENTED_EDGE ( 'NONE', *, *, #990, .F. ) ;
#1435 = LINE ( 'NONE', #2098, #1176 ) ;
#1436 = CYLINDRICAL_SURFACE ( 'NONE', #2157, 0.01000000000000002623 ) ;
#1437 = FILL_AREA_STYLE ('',( #1810 ) ) ;
#1438 = EDGE_CURVE ( 'NONE', #1455, #2611, #778, .T. ) ;
#1439 = CARTESIAN_POINT ( 'NONE',  ( 0.2000000000000000389, 0.6599999999999919265, 0.5950000000000000844 ) ) ;
#1440 = CARTESIAN_POINT ( 'NONE',  ( 0.8173469276855310772, 0.1826351822332989150, 0.5408277029867523122 ) ) ;
#1441 = ORIENTED_EDGE ( 'NONE', *, *, #2854, .T. ) ;
#1442 = PLANE ( 'NONE',  #1475 ) ;
#1443 = CARTESIAN_POINT ( 'NONE',  ( -0.5374999999999999778, 0.000000000000000000, -1.050000000000000044 ) ) ;
#1444 = DIRECTION ( 'NONE',  ( 0.000000000000000000, 0.000000000000000000, 1.000000000000000000 ) ) ;
#1445 = LINE ( 'NONE', #550, #1965 ) ;
#1446 = CARTESIAN_POINT ( 'NONE',  ( -0.7624999999999999556, 0.7999999999999920508, -0.6356110025097669869 ) ) ;
#1447 = ORIENTED_EDGE ( 'NONE', *, *, #659, .T. ) ;
#1448 = EDGE_CURVE ( 'NONE', #30, #1935, #618, .T. ) ;
#1449 = ORIENTED_EDGE ( 'NONE', *, *, #2204, .T. ) ;
#1450 = CYLINDRICAL_SURFACE ( 'NONE', #1969, 0.01000000000000002623 ) ;
#1451 = DIRECTION ( 'NONE',  ( 0.000000000000000000, 0.9945218953682740670, 0.1045284632676461017 ) ) ;
#1452 = AXIS2_PLACEMENT_3D ( 'NONE', #1962, #1716, #2164 ) ;
#1453 = CARTESIAN_POINT ( 'NONE',  ( -0.7624999999999999556, 2.710505431213761085E-17, -0.8850606066446772280 ) ) ;
#1454 = CARTESIAN_POINT ( 'NONE',  ( 0.9700000000000001954, 1.020791169081767924, -0.5183114696190700421 ) ) ;
#1455 = VERTEX_POINT ( 'NONE', #150 ) ;
#1456 =( BOUNDED_SURFACE ( )  B_SPLINE_SURFACE ( 2, 3, ( 
 ( #890, #432, #1589, #2864 ),
 ( #459, #2650, #1136, #233 ),
 ( #1547, #906, #1316, #192 ) ),
 .UNSPECIFIED., .F., .F., .T. ) 
 B_SPLINE_SURFACE_WITH_KNOTS ( ( 3, 3 ),
 ( 4, 4 ),
 ( 0.000000000000000000, 1.000000000000000000 ),
 ( -0.0002949718745211516672, 0.0002138598371825447240 ),
 .UNSPECIFIED. ) 
 GEOMETRIC_REPRESENTATION_ITEM ( )  RATIONAL_B_SPLINE_SURFACE ( (
 ( 1.000000000000000000, 1.000000000000000000, 1.000000000000000000, 1.000000000000000000),
 ( 0.7176885430348760586, 0.7176885430348760586, 0.7176885430348760586, 0.7176885430348760586),
 ( 1.000000000000000000, 1.000000000000000000, 1.000000000000000000, 1.000000000000000000) ) ) 
 REPRESENTATION_ITEM ( '' )  SURFACE ( )  );
#1457 = DIRECTION ( 'NONE',  ( -1.000000000000000000, -0.000000000000000000, -0.000000000000000000 ) ) ;
#1458 = DIRECTION ( 'NONE',  ( -1.000000000000000000, -0.000000000000000000, -0.000000000000000000 ) ) ;
#1459 = CIRCLE ( 'NONE', #2109, 0.05999999999999994227 ) ;
#1460 = FACE_OUTER_BOUND ( 'NONE', #2380, .T. ) ;
#1461 = AXIS2_PLACEMENT_3D ( 'NONE', #63, #935, #2460 ) ;
#1462 = LINE ( 'NONE', #757, #1571 ) ;
#1463 = ORIENTED_EDGE ( 'NONE', *, *, #628, .F. ) ;
#1464 = VERTEX_POINT ( 'NONE', #1453 ) ;
#1465 = DIRECTION ( 'NONE',  ( -1.000000000000000000, -0.000000000000000000, 0.000000000000000000 ) ) ;
#1466 = DIRECTION ( 'NONE',  ( 0.000000000000000000, -0.000000000000000000, 1.000000000000000000 ) ) ;
#1467 = CIRCLE ( 'NONE', #1652, 0.1499999999999999667 ) ;
#1468 = LINE ( 'NONE', #339, #2015 ) ;
#1469 = DIRECTION ( 'NONE',  ( -1.000000000000000000, -0.000000000000000000, 0.000000000000000000 ) ) ;
#1470 = ORIENTED_EDGE ( 'NONE', *, *, #1605, .T. ) ;
#1471 = DIRECTION ( 'NONE',  ( 0.000000000000000000, -0.9945218953682740670, 0.1045284632676461017 ) ) ;
#1472 = CARTESIAN_POINT ( 'NONE',  ( 0.9158277029867523122, 0.1826351822332990260, -0.4423469276855315213 ) ) ;
#1473 = ADVANCED_FACE ( 'NONE', ( #1900 ), #2824, .F. ) ;
#1474 = CARTESIAN_POINT ( 'NONE',  ( 0.5375000000000001998, 0.000000000000000000, -1.050000000000000044 ) ) ;
#1475 = AXIS2_PLACEMENT_3D ( 'NONE', #111, #327, #1889 ) ;
#1476 = DIRECTION ( 'NONE',  ( 0.000000000000000000, 0.9945218953682740670, -0.1045284632676461156 ) ) ;
#1477 = EDGE_LOOP ( 'NONE', ( #554, #2477, #2103, #2162 ) ) ;
#1478 = EDGE_LOOP ( 'NONE', ( #87, #506, #1691, #1952, #733, #1587, #1865, #1039, #2333, #2550, #348, #390 ) ) ;
#1479 = DIRECTION ( 'NONE',  ( 0.000000000000000000, 1.000000000000000000, 0.000000000000000000 ) ) ;
#1480 = CARTESIAN_POINT ( 'NONE',  ( 0.7625000000000001776, 0.7999999999999919398, -0.5652420813661968024 ) ) ;
#1481 = EDGE_CURVE ( 'NONE', #1966, #706, #2132, .T. ) ;
#1482 = AXIS2_PLACEMENT_3D ( 'NONE', #130, #2511, #2350 ) ;
#1483 = CARTESIAN_POINT ( 'NONE',  ( -0.5374999999999999778, 0.1400000000000000133, -0.8850606066446772280 ) ) ;
#1484 = SURFACE_SIDE_STYLE ('',( #2798 ) ) ;
#1485 = VERTEX_POINT ( 'NONE', #2784 ) ;
#1486 = ADVANCED_FACE ( 'NONE', ( #1681 ), #2812, .F. ) ;
#1487 = EDGE_CURVE ( 'NONE', #1604, #1570, #2595, .T. ) ;
#1488 = CARTESIAN_POINT ( 'NONE',  ( -0.8463652388904023827, 0.3472062030054951509, 0.5698460141916237287 ) ) ;
#1489 = VECTOR ( 'NONE', #1097, 1000.000000000000000 ) ;
#1490 = CARTESIAN_POINT ( 'NONE',  ( -0.9451126669287466253, 0.7770856965116286208, -0.5212052868920564741 ) ) ;
#1491 = LINE ( 'NONE', #374, #2404 ) ;
#1492 = VERTEX_POINT ( 'NONE', #1511 ) ;
#1493 = ORIENTED_EDGE ( 'NONE', *, *, #302, .T. ) ;
#1494 = DIRECTION ( 'NONE',  ( -1.000000000000000000, -0.000000000000000000, 0.000000000000000000 ) ) ;
#1495 = CARTESIAN_POINT ( 'NONE',  ( -0.8173469276855315213, 0.1999999999999921285, -0.6250000000000000000 ) ) ;
#1496 = CARTESIAN_POINT ( 'NONE',  ( 0.000000000000000000, 1.099999999999992095, 0.4204967095456894621 ) ) ;
#1497 = PLANE ( 'NONE',  #1091 ) ;
#1498 = ORIENTED_EDGE ( 'NONE', *, *, #1698, .F. ) ;
#1499 = EDGE_CURVE ( 'NONE', #1828, #744, #943, .T. ) ;
#1500 = CARTESIAN_POINT ( 'NONE',  ( -0.8173469276855311882, 0.1999999999999921285, -0.4423469276855315213 ) ) ;
#1501 = EDGE_LOOP ( 'NONE', ( #882, #1142, #1574, #1864 ) ) ;
#1502 = MANIFOLD_SOLID_BREP ( 'Boss-Extrude5', #404 ) ;
#1503 = CARTESIAN_POINT ( 'NONE',  ( -0.5374999999999999778, 0.7999999999999919398, -0.5652420813661968024 ) ) ;
#1504 = DIRECTION ( 'NONE',  ( 0.000000000000000000, 0.9781476007338055778, -0.2079116908177600642 ) ) ;
#1505 = ORIENTED_EDGE ( 'NONE', *, *, #1311, .F. ) ;
#1506 = EDGE_LOOP ( 'NONE', ( #1627, #438, #2168, #2669 ) ) ;
#1507 = LINE ( 'NONE', #2006, #758 ) ;
#1508 = DIRECTION ( 'NONE',  ( -1.000000000000000000, -0.000000000000000000, -0.000000000000000000 ) ) ;
#1509 = VECTOR ( 'NONE', #205, 1000.000000000000000 ) ;
#1510 = ADVANCED_FACE ( 'NONE', ( #2010 ), #208, .F. ) ;
#1511 = CARTESIAN_POINT ( 'NONE',  ( 0.5375000000000001998, 0.6599999999999919265, -0.6356110025097669869 ) ) ;
#1512 = B_SPLINE_CURVE_WITH_KNOTS ( 'NONE', 3,
 ( #1776, #2872, #406, #672 ),
 .UNSPECIFIED., .F., .F.,
 ( 4, 4 ),
 ( -0.0002949718745211516672, 0.0002138598371825446969 ),
 .UNSPECIFIED. ) ;
#1513 = FACE_OUTER_BOUND ( 'NONE', #1062, .T. ) ;
#1514 = VERTEX_POINT ( 'NONE', #1766 ) ;
#1515 = VECTOR ( 'NONE', #1003, 999.9999999999998863 ) ;
#1516 = AXIS2_PLACEMENT_3D ( 'NONE', #2423, #1053, #1987 ) ;
#1517 = CARTESIAN_POINT ( 'NONE',  ( 0.8933114696190700421, 1.020791169081767924, -0.4204967095456894066 ) ) ;
#1518 = EDGE_LOOP ( 'NONE', ( #415, #244, #1047 ) ) ;
#1519 = FILL_AREA_STYLE_COLOUR ( '', #1370 ) ;
#1520 = ORIENTED_EDGE ( 'NONE', *, *, #496, .T. ) ;
#1521 = ORIENTED_EDGE ( 'NONE', *, *, #2823, .F. ) ;
#1522 = DIRECTION ( 'NONE',  ( 0.000000000000000000, 0.000000000000000000, 1.000000000000000000 ) ) ;
#1523 = EDGE_CURVE ( 'NONE', #2467, #1196, #2499, .T. ) ;
#1524 = DIRECTION ( 'NONE',  ( 0.000000000000000000, -0.000000000000000000, 1.000000000000000000 ) ) ;
#1525 = CARTESIAN_POINT ( 'NONE',  ( -0.7624999999999999556, 0.6599999999999919265, -0.5950000000000000844 ) ) ;
#1526 = FACE_OUTER_BOUND ( 'NONE', #912, .T. ) ;
#1527 = ADVANCED_FACE ( 'NONE', ( #656 ), #633, .F. ) ;
#1528 = DIRECTION ( 'NONE',  ( 0.000000000000000000, -0.9945218953682740670, 0.1045284632676461017 ) ) ;
#1529 = LINE ( 'NONE', #1798, #563 ) ;
#1530 = VERTEX_POINT ( 'NONE', #17 ) ;
#1531 = CLOSED_SHELL ( 'NONE', ( #2832, #319, #2408, #2708, #2121, #876, #2454, #1606, #1832, #181, #561, #2734, #1394, #582, #1208, #952, #454, #2545, #840, #2494, #590, #221, #964, #1781, #2312, #1224, #965, #2284, #2774, #697, #1697, #2418, #175, #2248, #1218, #1619, #21, #1052 ) ) ;
#1532 = DIRECTION ( 'NONE',  ( 0.000000000000000000, 0.000000000000000000, -1.000000000000000000 ) ) ;
#1533 = ORIENTED_EDGE ( 'NONE', *, *, #2024, .F. ) ;
#1534 = ADVANCED_FACE ( 'NONE', ( #1549 ), #434, .F. ) ;
#1535 = ORIENTED_EDGE ( 'NONE', *, *, #1994, .T. ) ;
#1536 = DIRECTION ( 'NONE',  ( -0.000000000000000000, 0.000000000000000000, 1.000000000000000000 ) ) ;
#1537 = CARTESIAN_POINT ( 'NONE',  ( -0.9709816887951281394, 0.4954289792277958293, -0.5959816887951284725 ) ) ;
#1538 = EDGE_CURVE ( 'NONE', #671, #428, #1715, .T. ) ;
#1539 = DIRECTION ( 'NONE',  ( 0.000000000000000000, 0.000000000000000000, -1.000000000000000000 ) ) ;
#1540 = LINE ( 'NONE', #2680, #1973 ) ;
#1541 = VECTOR ( 'NONE', #2439, 1000.000000000000000 ) ;
#1542 = LINE ( 'NONE', #894, #994 ) ;
#1543 = VERTEX_POINT ( 'NONE', #675 ) ;
#1544 = VERTEX_POINT ( 'NONE', #1971 ) ;
#1545 = ORIENTED_EDGE ( 'NONE', *, *, #1406, .F. ) ;
#1546 = DIRECTION ( 'NONE',  ( -1.000000000000000000, 0.000000000000000000, 0.000000000000000000 ) ) ;
#1547 = CARTESIAN_POINT ( 'NONE',  ( -0.8173469276855310772, 0.1826351822332989150, 0.5408277029867523122 ) ) ;
#1548 = ORIENTED_EDGE ( 'NONE', *, *, #1098, .T. ) ;
#1549 = FACE_OUTER_BOUND ( 'NONE', #384, .T. ) ;
#1550 = VECTOR ( 'NONE', #685, 1000.000000000000000 ) ;
#1551 = SURFACE_STYLE_FILL_AREA ( #689 ) ;
#1552 =( GEOMETRIC_REPRESENTATION_CONTEXT ( 3 ) GLOBAL_UNCERTAINTY_ASSIGNED_CONTEXT ( ( #2035 ) ) GLOBAL_UNIT_ASSIGNED_CONTEXT ( ( #878, #2838, #1083 ) ) REPRESENTATION_CONTEXT ( 'NONE', 'WORKASPACE' ) );
#1553 = DIRECTION ( 'NONE',  ( 0.000000000000000000, 1.000000000000000000, 0.000000000000000000 ) ) ;
#1554 = VECTOR ( 'NONE', #719, 999.9999999999998863 ) ;
#1555 = VERTEX_POINT ( 'NONE', #1525 ) ;
#1556 = DIRECTION ( 'NONE',  ( 0.000000000000000000, -0.000000000000000000, 1.000000000000000000 ) ) ;
#1557 = STYLED_ITEM ( 'NONE', ( #2020 ), #2508 ) ;
#1558 = CARTESIAN_POINT ( 'NONE',  ( -0.8173469276855315213, 0.09999999999999213685, -0.5262568908032594361 ) ) ;
#1559 = ADVANCED_FACE ( 'NONE', ( #395 ), #409, .T. ) ;
#1560 = ORIENTED_EDGE ( 'NONE', *, *, #1118, .T. ) ;
#1561 = EDGE_LOOP ( 'NONE', ( #1613, #1498, #2849, #1259 ) ) ;
#1562 = CARTESIAN_POINT ( 'NONE',  ( 0.8173469276855310772, 0.1826351822332990260, -0.5408277029867523122 ) ) ;
#1563 = DIRECTION ( 'NONE',  ( 0.000000000000000000, 0.000000000000000000, 1.000000000000000000 ) ) ;
#1564 = ORIENTED_EDGE ( 'NONE', *, *, #1538, .F. ) ;
#1565 = CARTESIAN_POINT ( 'NONE',  ( -0.8933114696190699311, 1.020791169081767924, 0.4204967095456893511 ) ) ;
#1566 = FACE_OUTER_BOUND ( 'NONE', #67, .T. ) ;
#1567 = EDGE_CURVE ( 'NONE', #224, #2052, #2402, .T. ) ;
#1568 = DIRECTION ( 'NONE',  ( -0.000000000000000000, -1.000000000000000000, -0.000000000000000000 ) ) ;
#1569 = ORIENTED_EDGE ( 'NONE', *, *, #2547, .T. ) ;
#1570 = VERTEX_POINT ( 'NONE', #1796 ) ;
#1571 = VECTOR ( 'NONE', #2140, 1000.000000000000000 ) ;
#1572 = ADVANCED_FACE ( 'NONE', ( #1580 ), #1290, .T. ) ;
#1573 = DIRECTION ( 'NONE',  ( 0.000000000000000000, 0.000000000000000000, 1.000000000000000000 ) ) ;
#1574 = ORIENTED_EDGE ( 'NONE', *, *, #990, .T. ) ;
#1575 = DIRECTION ( 'NONE',  ( -0.000000000000000000, -0.000000000000000000, -1.000000000000000000 ) ) ;
#1576 = LINE ( 'NONE', #646, #2107 ) ;
#1577 = DIRECTION ( 'NONE',  ( -0.2079116908177597867, -0.9781476007338055778, 0.000000000000000000 ) ) ;
#1578 = ORIENTED_EDGE ( 'NONE', *, *, #1949, .F. ) ;
#1579 = ORIENTED_EDGE ( 'NONE', *, *, #1898, .T. ) ;
#1580 = FACE_OUTER_BOUND ( 'NONE', #1214, .T. ) ;
#1581 = CARTESIAN_POINT ( 'NONE',  ( 0.000000000000000000, 0.09999999999999213685, 0.000000000000000000 ) ) ;
#1582 = CARTESIAN_POINT ( 'NONE',  ( -0.5374999999999999778, 0.6599999999999919265, 0.6356110025097669869 ) ) ;
#1583 = DIRECTION ( 'NONE',  ( -1.000000000000000000, -0.000000000000000000, -0.000000000000000000 ) ) ;
#1584 = ORIENTED_EDGE ( 'NONE', *, *, #1219, .F. ) ;
#1585 = FACE_OUTER_BOUND ( 'NONE', #1064, .T. ) ;
#1586 = LINE ( 'NONE', #2480, #1958 ) ;
#1587 = ORIENTED_EDGE ( 'NONE', *, *, #3, .F. ) ;
#1588 = DIRECTION ( 'NONE',  ( -0.000000000000000000, -0.000000000000000000, 1.000000000000000000 ) ) ;
#1589 = CARTESIAN_POINT ( 'NONE',  ( -0.9724230070958115313, 0.5036031015027435664, 0.5481826194452014134 ) ) ;
#1590 = ORIENTED_EDGE ( 'NONE', *, *, #2339, .T. ) ;
#1591 = ORIENTED_EDGE ( 'NONE', *, *, #1710, .F. ) ;
#1592 = CARTESIAN_POINT ( 'NONE',  ( 0.8173469276855319654, 0.09999999999999213685, 0.5262568908032595472 ) ) ;
#1593 = VECTOR ( 'NONE', #1384, 1000.000000000000000 ) ;
#1594 = EDGE_CURVE ( 'NONE', #2862, #1119, #182, .T. ) ;
#1595 = CARTESIAN_POINT ( 'NONE',  ( 0.2000000000000000389, 0.6099999999999918820, 0.6356110025097669869 ) ) ;
#1596 = EDGE_LOOP ( 'NONE', ( #2644, #2226, #2556, #170 ) ) ;
#1597 = CARTESIAN_POINT ( 'NONE',  ( -0.6754967095456894111, 1.049999999999992051, 0.2404967095456895521 ) ) ;
#1598 = SURFACE_STYLE_FILL_AREA ( #2698 ) ;
#1599 = ADVANCED_FACE ( 'NONE', ( #1361 ), #2723, .F. ) ;
#1600 = COLOUR_RGB ( '',0.2509803921568627416, 0.2509803921568627416, 0.2509803921568627416 ) ;
#1601 = UNCERTAINTY_MEASURE_WITH_UNIT (LENGTH_MEASURE( 1.000000000000000082E-05 ), #323, 'distance_accuracy_value', 'NONE');
#1602 = CARTESIAN_POINT ( 'NONE',  ( -0.7624999999999999556, 0.1499999999999999944, 0.8850606066446772280 ) ) ;
#1603 = CARTESIAN_POINT ( 'NONE',  ( -0.6754967095456894111, 1.099999999999992095, 0.3004967095456894666 ) ) ;
#1604 = VERTEX_POINT ( 'NONE', #31 ) ;
#1605 = EDGE_CURVE ( 'NONE', #2602, #1285, #75, .T. ) ;
#1606 = ADVANCED_FACE ( 'NONE', ( #2749 ), #2287, .T. ) ;
#1607 = ORIENTED_EDGE ( 'NONE', *, *, #2719, .F. ) ;
#1608 = CARTESIAN_POINT ( 'NONE',  ( -0.7624999999999999556, 0.6099999999999918820, 0.6356110025097669869 ) ) ;
#1609 = DIRECTION ( 'NONE',  ( -1.000000000000000000, -0.000000000000000000, 0.000000000000000000 ) ) ;
#1610 = CARTESIAN_POINT ( 'NONE',  ( 0.9129450663853851955, 0.1662869376834033297, 0.5379450663853855286 ) ) ;
#1611 = FACE_OUTER_BOUND ( 'NONE', #1331, .T. ) ;
#1612 = VECTOR ( 'NONE', #1416, 1000.000000000000000 ) ;
#1613 = ORIENTED_EDGE ( 'NONE', *, *, #605, .F. ) ;
#1614 = ADVANCED_FACE ( 'NONE', ( #507 ), #251, .F. ) ;
#1615 = CARTESIAN_POINT ( 'NONE',  ( 0.9999999999999995559, 0.6599999999999918154, -0.6250000000000000000 ) ) ;
#1616 = LINE ( 'NONE', #486, #2046 ) ;
#1617 = CARTESIAN_POINT ( 'NONE',  ( 0.2000000000000000389, 0.1499999999999999944, 0.8850606066446772280 ) ) ;
#1618 = DIRECTION ( 'NONE',  ( 0.000000000000000000, 0.9945218953682740670, -0.1045284632676465181 ) ) ;
#1619 = ADVANCED_FACE ( 'NONE', ( #1165 ), #2737, .T. ) ;
#1620 = EDGE_LOOP ( 'NONE', ( #2658, #1761, #1884, #1590 ) ) ;
#1621 = ORIENTED_EDGE ( 'NONE', *, *, #40, .F. ) ;
#1622 = CARTESIAN_POINT ( 'NONE',  ( 0.9161722715231528369, 0.9132395521169975883, 0.5411722715231528369 ) ) ;
#1623 = DIRECTION ( 'NONE',  ( -1.000000000000000000, -0.000000000000000000, 0.000000000000000000 ) ) ;
#1624 = CIRCLE ( 'NONE', #708, 0.05000000000000002359 ) ;
#1625 = DIRECTION ( 'NONE',  ( 0.000000000000000000, 0.000000000000000000, -1.000000000000000000 ) ) ;
#1626 = CARTESIAN_POINT ( 'NONE',  ( -0.7954967095456894066, 0.9999999999999920064, -0.4204967095456894621 ) ) ;
#1627 = ORIENTED_EDGE ( 'NONE', *, *, #1326, .T. ) ;
#1628 = DIRECTION ( 'NONE',  ( -1.000000000000000000, 0.000000000000000000, 0.000000000000000000 ) ) ;
#1629 = DIRECTION ( 'NONE',  ( -0.000000000000000000, -0.000000000000000000, 1.000000000000000000 ) ) ;
#1630 = DIRECTION ( 'NONE',  ( 0.000000000000000000, 0.000000000000000000, -1.000000000000000000 ) ) ;
#1631 = DIRECTION ( 'NONE',  ( 0.000000000000000000, 1.000000000000000000, 0.000000000000000000 ) ) ;
#1632 = CARTESIAN_POINT ( 'NONE',  ( 0.8933114696190699311, 1.020791169081767924, -0.4204967095456893511 ) ) ;
#1633 = ORIENTED_EDGE ( 'NONE', *, *, #1267, .T. ) ;
#1634 = VERTEX_POINT ( 'NONE', #1151 ) ;
#1635 = CARTESIAN_POINT ( 'NONE',  ( -0.5374999999999999778, 0.7999999999999920508, 0.6356110025097669869 ) ) ;
#1636 = CARTESIAN_POINT ( 'NONE',  ( 0.7625000000000001776, 0.1400000000000000133, -0.8850606066446772280 ) ) ;
#1637 = SURFACE_SIDE_STYLE ('',( #91 ) ) ;
#1638 = EDGE_CURVE ( 'NONE', #263, #174, #1376, .T. ) ;
#1639 = LINE ( 'NONE', #1378, #2388 ) ;
#1640 = CARTESIAN_POINT ( 'NONE',  ( 0.9709816887951281394, 0.4954289792277958293, 0.5959816887951284725 ) ) ;
#1641 = ORIENTED_EDGE ( 'NONE', *, *, #2338, .F. ) ;
#1642 = CARTESIAN_POINT ( 'NONE',  ( 0.2000000000000000389, 0.6099999999999918820, 0.6356110025097669869 ) ) ;
#1643 = ADVANCED_FACE ( 'NONE', ( #2241 ), #923, .F. ) ;
#1644 = LINE ( 'NONE', #1686, #1158 ) ;
#1645 = VECTOR ( 'NONE', #1494, 1000.000000000000000 ) ;
#1646 = CARTESIAN_POINT ( 'NONE',  ( 0.2000000000000000389, 0.1343207305098530480, 0.7358823223394361790 ) ) ;
#1647 = AXIS2_PLACEMENT_3D ( 'NONE', #1853, #324, #705 ) ;
#1648 = CARTESIAN_POINT ( 'NONE',  ( 0.5375000000000001998, 0.1400000000000000133, -1.050000000000000044 ) ) ;
#1649 = VECTOR ( 'NONE', #1824, 1000.000000000000000 ) ;
#1650 = CARTESIAN_POINT ( 'NONE',  ( -0.8933114696190699311, 1.020791169081767924, -0.4204967095456893511 ) ) ;
#1651 = ORIENTED_EDGE ( 'NONE', *, *, #2673, .T. ) ;
#1652 = AXIS2_PLACEMENT_3D ( 'NONE', #1602, #1120, #56 ) ;
#1653 = EDGE_LOOP ( 'NONE', ( #1533, #2148, #2450, #1978 ) ) ;
#1654 = CARTESIAN_POINT ( 'NONE',  ( 0.7999999999999999334, 0.6298604080208444200, 0.8245701626297392561 ) ) ;
#1655 = LINE ( 'NONE', #1480, #2664 ) ;
#1656 = DIRECTION ( 'NONE',  ( -1.000000000000000000, -0.000000000000000000, -0.000000000000000000 ) ) ;
#1657 = DIRECTION ( 'NONE',  ( -1.000000000000000000, -0.000000000000000000, 0.000000000000000000 ) ) ;
#1658 = ORIENTED_EDGE ( 'NONE', *, *, #1811, .F. ) ;
#1659 = CARTESIAN_POINT ( 'NONE',  ( 0.2000000000000000389, 2.710505431213761085E-17, 0.8850606066446772280 ) ) ;
#1660 = CARTESIAN_POINT ( 'NONE',  ( 0.9999999999999995559, 0.6599999999999919265, 0.6250000000000000000 ) ) ;
#1661 = EDGE_CURVE ( 'NONE', #1683, #614, #1296, .T. ) ;
#1662 = CYLINDRICAL_SURFACE ( 'NONE', #2760, 0.05000000000000002359 ) ;
#1663 = LINE ( 'NONE', #1454, #195 ) ;
#1664 = CYLINDRICAL_SURFACE ( 'NONE', #2313, 0.1900000000000001688 ) ;
#1665 = ORIENTED_EDGE ( 'NONE', *, *, #1338, .T. ) ;
#1666 = ORIENTED_EDGE ( 'NONE', *, *, #436, .F. ) ;
#1667 = CARTESIAN_POINT ( 'NONE',  ( 0.7625000000000001776, 0.7999999999999919398, -0.5652420813661968024 ) ) ;
#1668 = DIRECTION ( 'NONE',  ( 0.000000000000000000, 1.000000000000000000, 0.000000000000000000 ) ) ;
#1669 = DIRECTION ( 'NONE',  ( -1.000000000000000000, -0.000000000000000000, -0.000000000000000000 ) ) ;
#1670 = DIRECTION ( 'NONE',  ( 0.000000000000000000, 0.000000000000000000, 1.000000000000000000 ) ) ;
#1671 = VERTEX_POINT ( 'NONE', #1635 ) ;
#1672 = CARTESIAN_POINT ( 'NONE',  ( 0.2000000000000000389, 0.6298604080208444200, 0.8245701626297392561 ) ) ;
#1673 = CARTESIAN_POINT ( 'NONE',  ( 0.8173469276855310772, 0.1826351822332990260, -0.5408277029867523122 ) ) ;
#1674 = LINE ( 'NONE', #1474, #581 ) ;
#1675 = PLANE ( 'NONE',  #2258 ) ;
#1676 = ORIENTED_EDGE ( 'NONE', *, *, #2329, .F. ) ;
#1677 = AXIS2_PLACEMENT_3D ( 'NONE', #413, #258, #69 ) ;
#1678 = ORIENTED_EDGE ( 'NONE', *, *, #193, .F. ) ;
#1679 = PLANE ( 'NONE',  #11 ) ;
#1680 = CARTESIAN_POINT ( 'NONE',  ( -0.6754967095456894111, 1.049999999999992051, 0.3004967095456894666 ) ) ;
#1681 = FACE_OUTER_BOUND ( 'NONE', #1620, .T. ) ;
#1682 = DIRECTION ( 'NONE',  ( 0.000000000000000000, 0.000000000000000000, -1.000000000000000000 ) ) ;
#1683 = VERTEX_POINT ( 'NONE', #2515 ) ;
#1684 = EDGE_CURVE ( 'NONE', #1953, #1544, #709, .T. ) ;
#1685 = DIRECTION ( 'NONE',  ( -0.000000000000000000, 0.9945218953682740670, -0.1045284632676467401 ) ) ;
#1686 = CARTESIAN_POINT ( 'NONE',  ( 0.7625000000000001776, 0.1343207305098530480, -0.7358823223394361790 ) ) ;
#1687 = CIRCLE ( 'NONE', #2102, 0.05999999999999994227 ) ;
#1688 = AXIS2_PLACEMENT_3D ( 'NONE', #1121, #654, #1522 ) ;
#1689 = CARTESIAN_POINT ( 'NONE',  ( -0.5374999999999999778, 0.6099999999999918820, -0.6356110025097669869 ) ) ;
#1690 = DIRECTION ( 'NONE',  ( 1.000000000000000000, 0.000000000000000000, 0.000000000000000000 ) ) ;
#1691 = ORIENTED_EDGE ( 'NONE', *, *, #1025, .F. ) ;
#1692 = VECTOR ( 'NONE', #557, 1000.000000000000000 ) ;
#1693 = ORIENTED_EDGE ( 'NONE', *, *, #143, .T. ) ;
#1694 = CYLINDRICAL_SURFACE ( 'NONE', #1829, 0.1499999999999999667 ) ;
#1695 = PLANE ( 'NONE',  #603 ) ;
#1696 = VECTOR ( 'NONE', #829, 1000.000000000000000 ) ;
#1697 = ADVANCED_FACE ( 'NONE', ( #493 ), #1725, .F. ) ;
#1698 = EDGE_CURVE ( 'NONE', #1514, #2364, #982, .T. ) ;
#1699 = DIRECTION ( 'NONE',  ( 0.000000000000000000, 0.000000000000000000, -1.000000000000000000 ) ) ;
#1700 = PRESENTATION_STYLE_ASSIGNMENT (( #2813 ) ) ;
#1701 = EDGE_CURVE ( 'NONE', #174, #1794, #1227, .T. ) ;
#1702 = ORIENTED_EDGE ( 'NONE', *, *, #2613, .F. ) ;
#1703 = B_SPLINE_CURVE_WITH_KNOTS ( 'NONE', 3,
 ( #2250, #313, #939, #1205 ),
 .UNSPECIFIED., .F., .F.,
 ( 4, 4 ),
 ( -1.746699282351180581E-06, 0.0003949036742083918573 ),
 .UNSPECIFIED. ) ;
#1704 = CARTESIAN_POINT ( 'NONE',  ( -0.5374999999999999778, 0.000000000000000000, -1.050000000000000044 ) ) ;
#1705 = FACE_OUTER_BOUND ( 'NONE', #568, .T. ) ;
#1706 = ORIENTED_EDGE ( 'NONE', *, *, #2751, .F. ) ;
#1707 = VERTEX_POINT ( 'NONE', #481 ) ;
#1708 = CARTESIAN_POINT ( 'NONE',  ( -0.7954967095456895176, 1.020791169081767924, -0.5183114696190700421 ) ) ;
#1709 = PLANE ( 'NONE',  #1207 ) ;
#1710 = EDGE_CURVE ( 'NONE', #2598, #966, #997, .T. ) ;
#1711 = VECTOR ( 'NONE', #368, 1000.000000000000000 ) ;
#1712 = CARTESIAN_POINT ( 'NONE',  ( -0.5374999999999999778, 0.6099999999999918820, -0.6356110025097669869 ) ) ;
#1713 = DIRECTION ( 'NONE',  ( 0.000000000000000000, 0.9848077530122080203, -0.1736481776669307198 ) ) ;
#1714 = ORIENTED_EDGE ( 'NONE', *, *, #2289, .F. ) ;
#1715 = B_SPLINE_CURVE_WITH_KNOTS ( 'NONE', 3,
 ( #2639, #2875, #2227, #892 ),
 .UNSPECIFIED., .F., .F.,
 ( 4, 4 ),
 ( -0.0002949718745211516672, 0.0002138598371825446969 ),
 .UNSPECIFIED. ) ;
#1716 = DIRECTION ( 'NONE',  ( 0.000000000000000000, -1.000000000000000000, 0.000000000000000000 ) ) ;
#1717 = ORIENTED_EDGE ( 'NONE', *, *, #2325, .F. ) ;
#1718 = VECTOR ( 'NONE', #919, 1000.000000000000000 ) ;
#1719 = FACE_OUTER_BOUND ( 'NONE', #539, .T. ) ;
#1720 = PLANE ( 'NONE',  #34 ) ;
#1721 = VERTEX_POINT ( 'NONE', #1896 ) ;
#1722 = ORIENTED_EDGE ( 'NONE', *, *, #1239, .T. ) ;
#1723 = DIRECTION ( 'NONE',  ( 0.000000000000000000, 0.000000000000000000, 1.000000000000000000 ) ) ;
#1724 = CARTESIAN_POINT ( 'NONE',  ( 0.7999999999999999334, 0.1343207305098530480, 0.7358823223394361790 ) ) ;
#1725 =( BOUNDED_SURFACE ( )  B_SPLINE_SURFACE ( 2, 3, ( 
 ( #2305, #1420, #729, #1851 ),
 ( #89, #1622, #2068, #967 ),
 ( #306, #2040, #1199, #2084 ) ),
 .UNSPECIFIED., .F., .F., .T. ) 
 B_SPLINE_SURFACE_WITH_KNOTS ( ( 3, 3 ),
 ( 4, 4 ),
 ( 0.000000000000000000, 1.000000000000000000 ),
 ( -1.746699282351180581E-06, 0.0003949036742083918573 ),
 .UNSPECIFIED. ) 
 GEOMETRIC_REPRESENTATION_ITEM ( )  RATIONAL_B_SPLINE_SURFACE ( (
 ( 1.000000000000000000, 1.000000000000000000, 1.000000000000000000, 1.000000000000000000),
 ( 0.7222282434171000132, 0.7222282434171000132, 0.7222282434171000132, 0.7222282434171000132),
 ( 1.000000000000000000, 1.000000000000000000, 1.000000000000000000, 1.000000000000000000) ) ) 
 REPRESENTATION_ITEM ( '' )  SURFACE ( )  );
#1726 = CARTESIAN_POINT ( 'NONE',  ( -0.9158277029867518682, 0.1826351822332990260, 0.4423469276855315213 ) ) ;
#1727 =( NAMED_UNIT ( * ) PLANE_ANGLE_UNIT ( ) SI_UNIT ( $, .RADIAN. ) );
#1728 = ADVANCED_FACE ( 'NONE', ( #775 ), #2809, .T. ) ;
#1729 = ORIENTED_EDGE ( 'NONE', *, *, #243, .T. ) ;
#1730 = CARTESIAN_POINT ( 'NONE',  ( 0.8962052868920562521, 0.7770856965116286208, -0.5701126669287468474 ) ) ;
#1731 = VERTEX_POINT ( 'NONE', #2593 ) ;
#1732 = EDGE_CURVE ( 'NONE', #552, #2722, #1030, .T. ) ;
#1733 = ADVANCED_FACE ( 'NONE', ( #2566 ), #1679, .F. ) ;
#1734 = AXIS2_PLACEMENT_3D ( 'NONE', #2225, #1764, #1577 ) ;
#1735 = EDGE_LOOP ( 'NONE', ( #2438, #789, #152, #2459 ) ) ;
#1736 = ORIENTED_EDGE ( 'NONE', *, *, #2503, .F. ) ;
#1737 = CARTESIAN_POINT ( 'NONE',  ( -0.8224105737841128638, 0.8941713930232652041, -0.5452253338574936103 ) ) ;
#1738 = AXIS2_PLACEMENT_3D ( 'NONE', #2053, #761, #950 ) ;
#1739 = LINE ( 'NONE', #394, #526 ) ;
#1740 = AXIS2_PLACEMENT_3D ( 'NONE', #2282, #684, #2481 ) ;
#1741 = DIRECTION ( 'NONE',  ( 0.000000000000000000, -1.540740080799961412E-15, 1.000000000000000000 ) ) ;
#1742 = CARTESIAN_POINT ( 'NONE',  ( -0.5374999999999999778, 0.6099999999999918820, 0.6356110025097669869 ) ) ;
#1743 = AXIS2_PLACEMENT_3D ( 'NONE', #2087, #47, #527 ) ;
#1744 = PLANE ( 'NONE',  #6 ) ;
#1745 = CARTESIAN_POINT ( 'NONE',  ( -0.5374999999999999778, 0.1343207305098530480, 0.7358823223394361790 ) ) ;
#1746 = ORIENTED_EDGE ( 'NONE', *, *, #1797, .T. ) ;
#1747 = ADVANCED_FACE ( 'NONE', ( #555 ), #1912, .F. ) ;
#1748 = LINE ( 'NONE', #387, #1696 ) ;
#1749 = EDGE_CURVE ( 'NONE', #29, #2292, #1273, .T. ) ;
#1750 = EDGE_LOOP ( 'NONE', ( #1388, #375, #423, #2073 ) ) ;
#1751 = VERTEX_POINT ( 'NONE', #1667 ) ;
#1752 = CARTESIAN_POINT ( 'NONE',  ( 0.7625000000000001776, 0.000000000000000000, -1.050000000000000044 ) ) ;
#1753 = AXIS2_PLACEMENT_3D ( 'NONE', #2363, #1690, #1881 ) ;
#1754 = CARTESIAN_POINT ( 'NONE',  ( -0.9419633775902563899, 0.3308579584555995656, -0.5669633775902569450 ) ) ;
#1755 = CARTESIAN_POINT ( 'NONE',  ( 0.7625000000000001776, 0.1499999999999999944, -0.8850606066446772280 ) ) ;
#1756 = FACE_OUTER_BOUND ( 'NONE', #204, .T. ) ;
#1757 = DIRECTION ( 'NONE',  ( 1.000000000000000000, 0.000000000000000000, -0.000000000000000000 ) ) ;
#1758 = ORIENTED_EDGE ( 'NONE', *, *, #2419, .T. ) ;
#1759 = AXIS2_PLACEMENT_3D ( 'NONE', #2654, #1116, #2167 ) ;
#1760 = CARTESIAN_POINT ( 'NONE',  ( -0.5374999999999999778, 0.7999999999999919398, -0.5652420813661968024 ) ) ;
#1761 = ORIENTED_EDGE ( 'NONE', *, *, #652, .F. ) ;
#1762 = ORIENTED_EDGE ( 'NONE', *, *, #1818, .F. ) ;
#1763 = CARTESIAN_POINT ( 'NONE',  ( -0.9699999999999999734, 0.6599999999999919265, -0.5950000000000000844 ) ) ;
#1764 = DIRECTION ( 'NONE',  ( -0.9781476007338055778, 0.2079116908177597867, 0.000000000000000000 ) ) ;
#1765 = ORIENTED_EDGE ( 'NONE', *, *, #978, .T. ) ;
#1766 = CARTESIAN_POINT ( 'NONE',  ( 0.8173469276855311882, 0.09999999999999213685, -0.4423469276855314103 ) ) ;
#1767 = CIRCLE ( 'NONE', #2328, 0.1499999999999999667 ) ;
#1768 = FACE_OUTER_BOUND ( 'NONE', #1561, .T. ) ;
#1769 = EDGE_LOOP ( 'NONE', ( #146, #2396, #1765, #1283 ) ) ;
#1770 = ADVANCED_FACE ( 'NONE', ( #2129 ), #1450, .F. ) ;
#1771 = DIRECTION ( 'NONE',  ( 0.000000000000000000, 0.000000000000000000, -1.000000000000000000 ) ) ;
#1772 =( NAMED_UNIT ( * ) PLANE_ANGLE_UNIT ( ) SI_UNIT ( $, .RADIAN. ) );
#1773 = ORIENTED_EDGE ( 'NONE', *, *, #1939, .T. ) ;
#1774 = ADVANCED_FACE ( 'NONE', ( #2551 ), #1694, .T. ) ;
#1775 = VERTEX_POINT ( 'NONE', #1042 ) ;
#1776 = CARTESIAN_POINT ( 'NONE',  ( 0.9999999999999995559, 0.6599999999999919265, 0.6250000000000000000 ) ) ;
#1777 = LINE ( 'NONE', #2007, #1718 ) ;
#1778 = ORIENTED_EDGE ( 'NONE', *, *, #1338, .F. ) ;
#1779 = CARTESIAN_POINT ( 'NONE',  ( -0.6754967095456894111, 0.8802943725152209131, 0.3004967095456894666 ) ) ;
#1780 = CIRCLE ( 'NONE', #1688, 0.05999999999999994227 ) ;
#1781 = ADVANCED_FACE ( 'NONE', ( #540 ), #104, .T. ) ;
#1782 = EDGE_CURVE ( 'NONE', #442, #117, #2596, .T. ) ;
#1783 = LINE ( 'NONE', #210, #663 ) ;
#1784 = VECTOR ( 'NONE', #2709, 999.9999999999998863 ) ;
#1785 = VERTEX_POINT ( 'NONE', #2335 ) ;
#1786 = AXIS2_PLACEMENT_3D ( 'NONE', #730, #1623, #307 ) ;
#1787 = CARTESIAN_POINT ( 'NONE',  ( -0.6754967095456894111, 1.049999999999992051, 0.3004967095456894666 ) ) ;
#1788 = AXIS2_PLACEMENT_3D ( 'NONE', #2805, #1892, #1877 ) ;
#1789 = DIRECTION ( 'NONE',  ( -1.000000000000000000, -0.000000000000000000, 0.000000000000000000 ) ) ;
#1790 = EDGE_LOOP ( 'NONE', ( #2285, #1374, #2485, #2579 ) ) ;
#1791 = LINE ( 'NONE', #503, #2667 ) ;
#1792 = CARTESIAN_POINT ( 'NONE',  ( 0.2000000000000000389, 0.000000000000000000, 1.050000000000000044 ) ) ;
#1793 = DIRECTION ( 'NONE',  ( 0.000000000000000000, 0.000000000000000000, -1.000000000000000000 ) ) ;
#1794 = VERTEX_POINT ( 'NONE', #601 ) ;
#1795 = ORIENTED_EDGE ( 'NONE', *, *, #1732, .F. ) ;
#1796 = CARTESIAN_POINT ( 'NONE',  ( -0.7624999999999999556, 0.7999999999999919398, 0.5652420813661968024 ) ) ;
#1797 = EDGE_CURVE ( 'NONE', #1966, #480, #809, .T. ) ;
#1798 = CARTESIAN_POINT ( 'NONE',  ( -0.5374999999999999778, 0.1489547153673235758, 0.8751153876909943952 ) ) ;
#1799 = CARTESIAN_POINT ( 'NONE',  ( 0.7625000000000001776, 0.1489547153673235758, -0.8751153876909943952 ) ) ;
#1800 = ORIENTED_EDGE ( 'NONE', *, *, #1538, .T. ) ;
#1801 = CARTESIAN_POINT ( 'NONE',  ( 0.7625000000000001776, 0.7999999999999919398, -0.5652420813661968024 ) ) ;
#1802 = VERTEX_POINT ( 'NONE', #164 ) ;
#1803 = CARTESIAN_POINT ( 'NONE',  ( -0.5374999999999999778, 0.6099999999999918820, 0.6356110025097669869 ) ) ;
#1804 = CARTESIAN_POINT ( 'NONE',  ( 0.9700000000000001954, 0.6599999999999919265, -0.5950000000000000844 ) ) ;
#1805 = EDGE_CURVE ( 'NONE', #2394, #1966, #321, .T. ) ;
#1806 = EDGE_LOOP ( 'NONE', ( #1988, #831, #1470, #2592 ) ) ;
#1807 = ORIENTED_EDGE ( 'NONE', *, *, #393, .T. ) ;
#1808 = CARTESIAN_POINT ( 'NONE',  ( -0.7624999999999999556, 0.1499999999999999944, 0.8850606066446772280 ) ) ;
#1809 = CARTESIAN_POINT ( 'NONE',  ( -0.8933114696190700421, 1.020791169081767924, 0.4204967095456894066 ) ) ;
#1810 = FILL_AREA_STYLE_COLOUR ( '', #509 ) ;
#1811 = EDGE_CURVE ( 'NONE', #234, #1721, #2821, .T. ) ;
#1812 = FACE_OUTER_BOUND ( 'NONE', #1806, .T. ) ;
#1813 = EDGE_LOOP ( 'NONE', ( #1313, #2495, #2277, #1441 ) ) ;
#1814 = CARTESIAN_POINT ( 'NONE',  ( 0.9999999999999995559, 0.6599999999999918154, -0.6250000000000000000 ) ) ;
#1815 = SURFACE_STYLE_USAGE ( .BOTH. , #469 ) ;
#1816 = VECTOR ( 'NONE', #450, 1000.000000000000000 ) ;
#1817 = EDGE_CURVE ( 'NONE', #2598, #1604, #1435, .T. ) ;
#1818 = EDGE_CURVE ( 'NONE', #2324, #263, #1215, .T. ) ;
#1819 = DIRECTION ( 'NONE',  ( 0.000000000000000000, 1.000000000000000000, 0.000000000000000000 ) ) ;
#1820 = CARTESIAN_POINT ( 'NONE',  ( -0.5374999999999999778, 0.7999999999999919398, -0.5652420813661968024 ) ) ;
#1821 = EDGE_CURVE ( 'NONE', #117, #1707, #2612, .T. ) ;
#1822 = ORIENTED_EDGE ( 'NONE', *, *, #1269, .F. ) ;
#1823 = DIRECTION ( 'NONE',  ( -0.000000000000000000, 0.1045284632676467262, 0.9945218953682740670 ) ) ;
#1824 = DIRECTION ( 'NONE',  ( 3.469446951953614189E-16, 0.000000000000000000, 1.000000000000000000 ) ) ;
#1825 = VECTOR ( 'NONE', #1847, 1000.000000000000000 ) ;
#1826 = AXIS2_PLACEMENT_3D ( 'NONE', #1364, #1103, #2842 ) ;
#1827 = CARTESIAN_POINT ( 'NONE',  ( 0.5375000000000001998, 0.7999999999999919398, -0.5652420813661968024 ) ) ;
#1828 = VERTEX_POINT ( 'NONE', #2170 ) ;
#1829 = AXIS2_PLACEMENT_3D ( 'NONE', #2114, #2581, #1885 ) ;
#1830 = CARTESIAN_POINT ( 'NONE',  ( -0.7954967095456894066, 0.9999999999999920064, 0.4204967095456894621 ) ) ;
#1831 = DIRECTION ( 'NONE',  ( -3.469446951953614189E-16, -0.000000000000000000, -1.000000000000000000 ) ) ;
#1832 = ADVANCED_FACE ( 'NONE', ( #1979 ), #2194, .T. ) ;
#1833 = VECTOR ( 'NONE', #2777, 1000.000000000000000 ) ;
#1834 = CARTESIAN_POINT ( 'NONE',  ( -0.5374999999999999778, 0.6599999999999919265, -0.5950000000000000844 ) ) ;
#1835 = LINE ( 'NONE', #489, #1825 ) ;
#1836 = ORIENTED_EDGE ( 'NONE', *, *, #2811, .T. ) ;
#1837 = EDGE_LOOP ( 'NONE', ( #1198, #1926, #2134, #1967, #452, #860, #1035, #947, #260, #1371, #176, #1380 ) ) ;
#1838 = DIRECTION ( 'NONE',  ( 1.000000000000000000, 0.000000000000000000, 0.000000000000000000 ) ) ;
#1839 = DIRECTION ( 'NONE',  ( -0.000000000000000000, 1.000000000000000000, -0.000000000000000000 ) ) ;
#1840 = CARTESIAN_POINT ( 'NONE',  ( -0.7624999999999999556, 0.6298604080208444200, -0.8245701626297392561 ) ) ;
#1841 = DIRECTION ( 'NONE',  ( 0.000000000000000000, 0.9945218953682740670, -0.1045284632676461017 ) ) ;
#1842 = ORIENTED_EDGE ( 'NONE', *, *, #2163, .T. ) ;
#1843 = FACE_OUTER_BOUND ( 'NONE', #743, .T. ) ;
#1844 = DIRECTION ( 'NONE',  ( 0.000000000000000000, -0.000000000000000000, -1.000000000000000000 ) ) ;
#1845 = VECTOR ( 'NONE', #1469, 1000.000000000000000 ) ;
#1846 = CARTESIAN_POINT ( 'NONE',  ( 0.7625000000000001776, 0.6152264231633740588, -0.6853370972781807069 ) ) ;
#1847 = DIRECTION ( 'NONE',  ( -0.000000000000000000, -0.000000000000000000, 1.000000000000000000 ) ) ;
#1848 = DIRECTION ( 'NONE',  ( 0.000000000000000000, 0.000000000000000000, 1.000000000000000000 ) ) ;
#1849 = ORIENTED_EDGE ( 'NONE', *, *, #144, .F. ) ;
#1850 = ORIENTED_EDGE ( 'NONE', *, *, #2535, .T. ) ;
#1851 = CARTESIAN_POINT ( 'NONE',  ( 0.9699999999999999734, 0.6599999999999918154, 0.5950000000000000844 ) ) ;
#1852 = CARTESIAN_POINT ( 'NONE',  ( -0.5374999999999999778, 0.1400000000000000133, -0.8850606066446772280 ) ) ;
#1853 = CARTESIAN_POINT ( 'NONE',  ( 0.5375000000000001998, 0.6099999999999918820, -0.6356110025097669869 ) ) ;
#1854 = CARTESIAN_POINT ( 'NONE',  ( 0.000000000000000000, 0.6599999999999919265, 0.000000000000000000 ) ) ;
#1855 = ORIENTED_EDGE ( 'NONE', *, *, #1946, .T. ) ;
#1856 = DIRECTION ( 'NONE',  ( 0.000000000000000000, -1.000000000000000000, 0.000000000000000000 ) ) ;
#1857 = EDGE_CURVE ( 'NONE', #229, #987, #2863, .T. ) ;
#1858 = DIRECTION ( 'NONE',  ( -1.000000000000000000, -0.000000000000000000, 0.000000000000000000 ) ) ;
#1859 = AXIS2_PLACEMENT_3D ( 'NONE', #2687, #1144, #1844 ) ;
#1860 = CARTESIAN_POINT ( 'NONE',  ( -0.5374999999999999778, 0.000000000000000000, 1.050000000000000044 ) ) ;
#1861 = LINE ( 'NONE', #2745, #2342 ) ;
#1862 = FACE_OUTER_BOUND ( 'NONE', #1115, .T. ) ;
#1863 = EDGE_CURVE ( 'NONE', #2735, #190, #1780, .T. ) ;
#1864 = ORIENTED_EDGE ( 'NONE', *, *, #1523, .T. ) ;
#1865 = ORIENTED_EDGE ( 'NONE', *, *, #1299, .F. ) ;
#1866 = DIRECTION ( 'NONE',  ( 3.469446951953614682E-16, -0.000000000000000000, 1.000000000000000000 ) ) ;
#1867 = CARTESIAN_POINT ( 'NONE',  ( 0.2000000000000000389, 0.1489547153673235758, 0.8751153876909943952 ) ) ;
#1868 = SHAPE_DEFINITION_REPRESENTATION ( #1324, #2085 ) ;
#1869 = CARTESIAN_POINT ( 'NONE',  ( 0.7999999999999999334, 0.6599999999999919265, 0.5950000000000000844 ) ) ;
#1870 = CARTESIAN_POINT ( 'NONE',  ( 0.9999999999999995559, 0.6599999999999918154, 0.6250000000000000000 ) ) ;
#1871 = ORIENTED_EDGE ( 'NONE', *, *, #2847, .F. ) ;
#1872 = ADVANCED_FACE ( 'NONE', ( #2607 ), #2621, .F. ) ;
#1873 = CARTESIAN_POINT ( 'NONE',  ( 0.7954967095456895176, 1.020791169081767924, -0.5183114696190700421 ) ) ;
#1874 =( BOUNDED_SURFACE ( )  B_SPLINE_SURFACE ( 2, 3, ( 
 ( #209, #866, #2640, #2417 ),
 ( #32, #2243, #879, #449 ),
 ( #1809, #420, #222, #1321 ) ),
 .UNSPECIFIED., .F., .F., .T. ) 
 B_SPLINE_SURFACE_WITH_KNOTS ( ( 3, 3 ),
 ( 4, 4 ),
 ( 0.000000000000000000, 1.000000000000000000 ),
 ( -1.746699282351180581E-06, 0.0003949036742083918573 ),
 .UNSPECIFIED. ) 
 GEOMETRIC_REPRESENTATION_ITEM ( )  RATIONAL_B_SPLINE_SURFACE ( (
 ( 1.000000000000000000, 1.000000000000000000, 1.000000000000000000, 1.000000000000000000),
 ( 0.7222282434171000132, 0.7222282434171000132, 0.7222282434171000132, 0.7222282434171000132),
 ( 1.000000000000000000, 1.000000000000000000, 1.000000000000000000, 1.000000000000000000) ) ) 
 REPRESENTATION_ITEM ( '' )  SURFACE ( )  );
#1875 = DIRECTION ( 'NONE',  ( 0.000000000000000000, 0.000000000000000000, -1.000000000000000000 ) ) ;
#1876 = AXIS2_PLACEMENT_3D ( 'NONE', #2659, #10, #2676 ) ;
#1877 = DIRECTION ( 'NONE',  ( 0.000000000000000000, 8.131516293641279311E-16, 1.000000000000000000 ) ) ;
#1878 = VECTOR ( 'NONE', #2392, 1000.000000000000000 ) ;
#1879 = CARTESIAN_POINT ( 'NONE',  ( -0.8173469276855310772, 0.1826351822332989150, -0.5408277029867523122 ) ) ;
#1880 = AXIS2_PLACEMENT_3D ( 'NONE', #1291, #2174, #2228 ) ;
#1881 = DIRECTION ( 'NONE',  ( 0.000000000000000000, 0.000000000000000000, 1.000000000000000000 ) ) ;
#1882 = ORIENTED_EDGE ( 'NONE', *, *, #357, .T. ) ;
#1883 = VECTOR ( 'NONE', #2348, 1000.000000000000000 ) ;
#1884 = ORIENTED_EDGE ( 'NONE', *, *, #751, .F. ) ;
#1885 = DIRECTION ( 'NONE',  ( 0.000000000000000000, 0.000000000000000000, 1.000000000000000000 ) ) ;
#1886 = CARTESIAN_POINT ( 'NONE',  ( -0.5374999999999999778, 0.1400000000000000133, 1.050000000000000044 ) ) ;
#1887 = CARTESIAN_POINT ( 'NONE',  ( -0.7624999999999999556, 2.710505431213761085E-17, 0.8850606066446772280 ) ) ;
#1888 = VERTEX_POINT ( 'NONE', #2413 ) ;
#1889 = DIRECTION ( 'NONE',  ( 0.000000000000000000, 0.000000000000000000, -1.000000000000000000 ) ) ;
#1890 = CIRCLE ( 'NONE', #634, 0.01000000000000002623 ) ;
#1891 = FACE_OUTER_BOUND ( 'NONE', #679, .T. ) ;
#1892 = DIRECTION ( 'NONE',  ( 1.000000000000000000, -0.000000000000000000, -0.000000000000000000 ) ) ;
#1893 = CARTESIAN_POINT ( 'NONE',  ( 0.9699999999999999734, 0.6599999999999919265, -0.5950000000000000844 ) ) ;
#1894 = ORIENTED_EDGE ( 'NONE', *, *, #158, .T. ) ;
#1895 = ORIENTED_EDGE ( 'NONE', *, *, #1782, .F. ) ;
#1896 = CARTESIAN_POINT ( 'NONE',  ( 0.2000000000000000389, 0.6298604080208444200, 0.8245701626297392561 ) ) ;
#1897 = LINE ( 'NONE', #2158, #1989 ) ;
#1898 = EDGE_CURVE ( 'NONE', #2862, #706, #1412, .T. ) ;
#1899 = VECTOR ( 'NONE', #389, 1000.000000000000000 ) ;
#1900 = FACE_OUTER_BOUND ( 'NONE', #513, .T. ) ;
#1901 = CARTESIAN_POINT ( 'NONE',  ( 0.9419633775902563899, 0.3308579584555995656, 0.5669633775902569450 ) ) ;
#1902 = EDGE_LOOP ( 'NONE', ( #49, #304, #824 ) ) ;
#1903 = CARTESIAN_POINT ( 'NONE',  ( 0.5375000000000001998, 0.000000000000000000, -0.8850606066446772280 ) ) ;
#1904 = EDGE_CURVE ( 'NONE', #1671, #162, #1315, .T. ) ;
#1905 = CARTESIAN_POINT ( 'NONE',  ( 0.5375000000000001998, 2.710505431213761085E-17, -0.8850606066446772280 ) ) ;
#1906 = CARTESIAN_POINT ( 'NONE',  ( -0.5374999999999999778, 0.1499999999999999944, 0.8850606066446772280 ) ) ;
#1907 = EDGE_CURVE ( 'NONE', #2691, #1707, #1096, .T. ) ;
#1908 = DIRECTION ( 'NONE',  ( -1.000000000000000000, 0.000000000000000000, -0.000000000000000000 ) ) ;
#1909 = VERTEX_POINT ( 'NONE', #177 ) ;
#1910 = VECTOR ( 'NONE', #371, 1000.000000000000000 ) ;
#1911 = ORIENTED_EDGE ( 'NONE', *, *, #2560, .F. ) ;
#1912 = CYLINDRICAL_SURFACE ( 'NONE', #2845, 0.01000000000000002623 ) ;
#1913 = CYLINDRICAL_SURFACE ( 'NONE', #225, 0.1000000000000000472 ) ;
#1914 = EDGE_CURVE ( 'NONE', #2052, #2365, #1512, .T. ) ;
#1915 = CARTESIAN_POINT ( 'NONE',  ( 0.7625000000000001776, 0.000000000000000000, -1.050000000000000044 ) ) ;
#1916 = CARTESIAN_POINT ( 'NONE',  ( 0.9012568908032595472, 0.09999999999999213685, -0.4423469276855314103 ) ) ;
#1917 = EDGE_LOOP ( 'NONE', ( #1584, #2451, #312, #1323, #1714, #2531, #1350, #579, #869, #1339, #2634, #2240 ) ) ;
#1918 = DIRECTION ( 'NONE',  ( 1.000000000000000000, -0.000000000000000000, 0.000000000000000000 ) ) ;
#1919 = DIRECTION ( 'NONE',  ( -0.000000000000000000, -1.000000000000000000, 0.000000000000000000 ) ) ;
#1920 = CIRCLE ( 'NONE', #1740, 0.01000000000000002623 ) ;
#1921 = EDGE_CURVE ( 'NONE', #428, #247, #1956, .T. ) ;
#1922 = DIRECTION ( 'NONE',  ( -0.000000000000000000, -1.000000000000000000, 0.000000000000000000 ) ) ;
#1923 = DIRECTION ( 'NONE',  ( -0.000000000000000000, 1.000000000000000000, -0.000000000000000000 ) ) ;
#1924 = ORIENTED_EDGE ( 'NONE', *, *, #1310, .T. ) ;
#1925 = CIRCLE ( 'NONE', #1414, 0.01000000000000002623 ) ;
#1926 = ORIENTED_EDGE ( 'NONE', *, *, #978, .F. ) ;
#1927 = CARTESIAN_POINT ( 'NONE',  ( -0.5374999999999999778, 0.000000000000000000, -1.050000000000000044 ) ) ;
#1928 = CIRCLE ( 'NONE', #660, 0.1000000000000000472 ) ;
#1929 = DIRECTION ( 'NONE',  ( -1.000000000000000000, 0.000000000000000000, 0.000000000000000000 ) ) ;
#1930 = VECTOR ( 'NONE', #115, 1000.000000000000000 ) ;
#1931 = DIRECTION ( 'NONE',  ( 0.000000000000000000, 0.000000000000000000, 1.000000000000000000 ) ) ;
#1932 = ORIENTED_EDGE ( 'NONE', *, *, #2299, .F. ) ;
#1933 = EDGE_CURVE ( 'NONE', #2467, #1909, #1329, .T. ) ;
#1934 =( NAMED_UNIT ( * ) PLANE_ANGLE_UNIT ( ) SI_UNIT ( $, .RADIAN. ) );
#1935 = VERTEX_POINT ( 'NONE', #847 ) ;
#1936 = DIRECTION ( 'NONE',  ( 0.000000000000000000, 0.000000000000000000, -1.000000000000000000 ) ) ;
#1937 = DIRECTION ( 'NONE',  ( 0.000000000000000000, -1.000000000000000000, 0.000000000000000000 ) ) ;
#1938 = EDGE_LOOP ( 'NONE', ( #2271, #1658, #750, #2180 ) ) ;
#1939 = EDGE_CURVE ( 'NONE', #247, #1514, #2657, .T. ) ;
#1940 = ORIENTED_EDGE ( 'NONE', *, *, #2355, .T. ) ;
#1941 = DIRECTION ( 'NONE',  ( -0.000000000000000000, -0.000000000000000000, 1.000000000000000000 ) ) ;
#1942 = CARTESIAN_POINT ( 'NONE',  ( 0.7625000000000001776, 0.1400000000000000133, -0.8850606066446772280 ) ) ;
#1943 = AXIS2_PLACEMENT_3D ( 'NONE', #167, #1061, #194 ) ;
#1944 = CARTESIAN_POINT ( 'NONE',  ( 0.000000000000000000, 0.9999999999999920064, -0.4204967095456894621 ) ) ;
#1945 = ORIENTED_EDGE ( 'NONE', *, *, #1438, .T. ) ;
#1946 = EDGE_CURVE ( 'NONE', #1683, #1079, #1507, .T. ) ;
#1947 = PLANE ( 'NONE',  #279 ) ;
#1948 = VERTEX_POINT ( 'NONE', #191 ) ;
#1949 = EDGE_CURVE ( 'NONE', #2747, #2083, #2011, .T. ) ;
#1950 = LINE ( 'NONE', #2617, #1325 ) ;
#1951 = CARTESIAN_POINT ( 'NONE',  ( 0.2000000000000000389, 0.1400000000000000133, 1.050000000000000044 ) ) ;
#1952 = ORIENTED_EDGE ( 'NONE', *, *, #2758, .F. ) ;
#1953 = VERTEX_POINT ( 'NONE', #392 ) ;
#1954 = CARTESIAN_POINT ( 'NONE',  ( -0.7954967095456894066, 1.099999999999992095, 0.4204967095456894621 ) ) ;
#1955 = LINE ( 'NONE', #165, #737 ) ;
#1956 = B_SPLINE_CURVE_WITH_KNOTS ( 'NONE', 3,
 ( #2428, #1069, #431, #1562 ),
 .UNSPECIFIED., .F., .F.,
 ( 4, 4 ),
 ( -0.0002949718745211516672, 0.0002138598371825446969 ),
 .UNSPECIFIED. ) ;
#1957 = PRESENTATION_STYLE_ASSIGNMENT (( #2184 ) ) ;
#1958 = VECTOR ( 'NONE', #2048, 1000.000000000000000 ) ;
#1959 = DIRECTION ( 'NONE',  ( 0.000000000000000000, -1.000000000000000000, 1.540740080799961609E-15 ) ) ;
#1960 = VERTEX_POINT ( 'NONE', #2852 ) ;
#1961 = EDGE_CURVE ( 'NONE', #1935, #1530, #1288, .T. ) ;
#1962 = CARTESIAN_POINT ( 'NONE',  ( 0.7625000000000001776, 0.1400000000000000133, -0.8850606066446772280 ) ) ;
#1963 = ORIENTED_EDGE ( 'NONE', *, *, #2751, .T. ) ;
#1964 = FILL_AREA_STYLE ('',( #2645 ) ) ;
#1965 = VECTOR ( 'NONE', #2331, 999.9999999999998863 ) ;
#1966 = VERTEX_POINT ( 'NONE', #1954 ) ;
#1967 = ORIENTED_EDGE ( 'NONE', *, *, #2300, .F. ) ;
#1968 = CARTESIAN_POINT ( 'NONE',  ( 0.7999999999999999334, 0.1343207305098530480, 0.7358823223394361790 ) ) ;
#1969 = AXIS2_PLACEMENT_3D ( 'NONE', #571, #1465, #806 ) ;
#1970 = CARTESIAN_POINT ( 'NONE',  ( -0.9448460141916231736, 0.3472062030054952064, -0.4713652388904029933 ) ) ;
#1971 = CARTESIAN_POINT ( 'NONE',  ( -0.7624999999999999556, 0.1400000000000000133, 0.8850606066446772280 ) ) ;
#1972 = FACE_OUTER_BOUND ( 'NONE', #1111, .T. ) ;
#1973 = VECTOR ( 'NONE', #435, 1000.000000000000114 ) ;
#1974 = DIRECTION ( 'NONE',  ( 0.000000000000000000, 0.000000000000000000, -1.000000000000000000 ) ) ;
#1975 = ORIENTED_EDGE ( 'NONE', *, *, #2636, .T. ) ;
#1976 = LINE ( 'NONE', #2384, #1089 ) ;
#1977 = ORIENTED_EDGE ( 'NONE', *, *, #1406, .T. ) ;
#1978 = ORIENTED_EDGE ( 'NONE', *, *, #1263, .T. ) ;
#1979 = FACE_OUTER_BOUND ( 'NONE', #1041, .T. ) ;
#1980 = VECTOR ( 'NONE', #2787, 1000.000000000000000 ) ;
#1981 = CARTESIAN_POINT ( 'NONE',  ( -0.7624999999999999556, 0.6099999999999918820, 0.6356110025097669869 ) ) ;
#1982 = VERTEX_POINT ( 'NONE', #2635 ) ;
#1983 = EDGE_CURVE ( 'NONE', #1785, #1721, #381, .T. ) ;
#1984 = SURFACE_SIDE_STYLE ('',( #1377 ) ) ;
#1985 = CARTESIAN_POINT ( 'NONE',  ( -0.5374999999999999778, 0.000000000000000000, -0.8850606066446772280 ) ) ;
#1986 = ORIENTED_EDGE ( 'NONE', *, *, #2190, .T. ) ;
#1987 = DIRECTION ( 'NONE',  ( 0.000000000000000000, 0.9781476007338054668, 0.2079116908177597867 ) ) ;
#1988 = ORIENTED_EDGE ( 'NONE', *, *, #786, .F. ) ;
#1989 = VECTOR ( 'NONE', #2401, 1000.000000000000114 ) ;
#1990 = ORIENTED_EDGE ( 'NONE', *, *, #2422, .F. ) ;
#1991 = CARTESIAN_POINT ( 'NONE',  ( 0.5375000000000001998, 0.1499999999999999944, -0.8850606066446772280 ) ) ;
#1992 = EDGE_CURVE ( 'NONE', #2212, #138, #905, .T. ) ;
#1993 = CARTESIAN_POINT ( 'NONE',  ( 0.7625000000000001776, 0.6099999999999918820, -0.6356110025097669869 ) ) ;
#1994 = EDGE_CURVE ( 'NONE', #2861, #1212, #1576, .T. ) ;
#1995 = ORIENTED_EDGE ( 'NONE', *, *, #658, .F. ) ;
#1996 = DIRECTION ( 'NONE',  ( -0.000000000000000000, 0.2079116908177600365, 0.9781476007338055778 ) ) ;
#1997 = PRESENTATION_STYLE_ASSIGNMENT (( #657 ) ) ;
#1998 =( BOUNDED_CURVE ( )  B_SPLINE_CURVE ( 2, ( #2683, #22, #2231 ),
 .UNSPECIFIED., .F., .T. ) 
 B_SPLINE_CURVE_WITH_KNOTS ( ( 3, 3 ),
 ( 0.000000000000000000, 1.000000000000000000 ),
 .UNSPECIFIED. ) 
 CURVE ( )  GEOMETRIC_REPRESENTATION_ITEM ( )  RATIONAL_B_SPLINE_CURVE ( ( 1.000000000000000000, 0.7222282434171000132, 1.000000000000000000 ) ) 
 REPRESENTATION_ITEM ( '' )  );
#1999 = CARTESIAN_POINT ( 'NONE',  ( -0.8173469276855310772, 0.1826351822332990260, 0.5408277029867523122 ) ) ;
#2000 = ORIENTED_EDGE ( 'NONE', *, *, #470, .T. ) ;
#2001 = VERTEX_POINT ( 'NONE', #196 ) ;
#2002 = LINE ( 'NONE', #441, #2415 ) ;
#2003 = EDGE_CURVE ( 'NONE', #1285, #2127, #1322, .T. ) ;
#2004 = VERTEX_POINT ( 'NONE', #254 ) ;
#2005 = LINE ( 'NONE', #2268, #2298 ) ;
#2006 = CARTESIAN_POINT ( 'NONE',  ( -0.9158277029867518682, 0.1826351822332990260, 0.5262568908032595472 ) ) ;
#2007 = CARTESIAN_POINT ( 'NONE',  ( 0.7625000000000001776, 2.710505431213761085E-17, -0.8850606066446772280 ) ) ;
#2008 = ORIENTED_EDGE ( 'NONE', *, *, #308, .F. ) ;
#2009 = ORIENTED_EDGE ( 'NONE', *, *, #913, .T. ) ;
#2010 = FACE_OUTER_BOUND ( 'NONE', #1477, .T. ) ;
#2011 = CIRCLE ( 'NONE', #621, 0.1499999999999999667 ) ;
#2012 = LINE ( 'NONE', #2803, #2559 ) ;
#2013 = VECTOR ( 'NONE', #791, 1000.000000000000000 ) ;
#2014 = DIRECTION ( 'NONE',  ( 0.000000000000000000, 0.000000000000000000, 1.000000000000000000 ) ) ;
#2015 = VECTOR ( 'NONE', #1276, 1000.000000000000000 ) ;
#2016 = VERTEX_POINT ( 'NONE', #1 ) ;
#2017 = CARTESIAN_POINT ( 'NONE',  ( 0.7625000000000001776, 0.6099999999999918820, -0.6356110025097669869 ) ) ;
#2018 = CIRCLE ( 'NONE', #1788, 0.1000000000000000472 ) ;
#2019 = EDGE_CURVE ( 'NONE', #2781, #934, #868, .T. ) ;
#2020 = PRESENTATION_STYLE_ASSIGNMENT (( #1815 ) ) ;
#2021 = ORIENTED_EDGE ( 'NONE', *, *, #2823, .T. ) ;
#2022 = FACE_OUTER_BOUND ( 'NONE', #2741, .T. ) ;
#2023 = PLANE ( 'NONE',  #1345 ) ;
#2024 = EDGE_CURVE ( 'NONE', #1300, #2030, #1542, .T. ) ;
#2025 = EDGE_LOOP ( 'NONE', ( #962, #1569, #1520, #1148, #545, #1758, #891, #1309, #2143, #363, #1419, #1882 ) ) ;
#2026 = CARTESIAN_POINT ( 'NONE',  ( 0.7625000000000001776, 0.6298604080208444200, -0.8245701626297392561 ) ) ;
#2027 = DIRECTION ( 'NONE',  ( 0.000000000000000000, -0.000000000000000000, 1.000000000000000000 ) ) ;
#2028 = SURFACE_STYLE_USAGE ( .BOTH. , #1637 ) ;
#2029 = CARTESIAN_POINT ( 'NONE',  ( -0.5374999999999999778, 0.1400000000000000133, 0.8850606066446772280 ) ) ;
#2030 = VERTEX_POINT ( 'NONE', #411 ) ;
#2031 = ADVANCED_FACE ( 'NONE', ( #2627 ), #1744, .F. ) ;
#2032 = EDGE_CURVE ( 'NONE', #1982, #1888, #1998, .T. ) ;
#2033 = PLANE ( 'NONE',  #212 ) ;
#2034 = LINE ( 'NONE', #1558, #984 ) ;
#2035 = UNCERTAINTY_MEASURE_WITH_UNIT (LENGTH_MEASURE( 1.000000000000000082E-05 ), #878, 'distance_accuracy_value', 'NONE');
#2036 = ORIENTED_EDGE ( 'NONE', *, *, #1426, .F. ) ;
#2037 = CARTESIAN_POINT ( 'NONE',  ( -0.5374999999999999778, 0.000000000000000000, 0.8850606066446772280 ) ) ;
#2038 = DIRECTION ( 'NONE',  ( 0.000000000000000000, -0.000000000000000000, 1.000000000000000000 ) ) ;
#2039 = ORIENTED_EDGE ( 'NONE', *, *, #696, .F. ) ;
#2040 = CARTESIAN_POINT ( 'NONE',  ( 0.9202253338574934993, 0.8941713930232652041, 0.4474105737841130304 ) ) ;
#2041 = CARTESIAN_POINT ( 'NONE',  ( 0.7999999999999999334, 2.710505431213761085E-17, 0.8850606066446772280 ) ) ;
#2042 =( BOUNDED_SURFACE ( )  B_SPLINE_SURFACE ( 2, 3, ( 
 ( #2236, #1970, #28, #2853 ),
 ( #863, #1754, #1537, #2414 ),
 ( #1879, #316, #274, #960 ) ),
 .UNSPECIFIED., .F., .F., .T. ) 
 B_SPLINE_SURFACE_WITH_KNOTS ( ( 3, 3 ),
 ( 4, 4 ),
 ( 0.000000000000000000, 1.000000000000000000 ),
 ( -0.0002949718745211516672, 0.0002138598371825447240 ),
 .UNSPECIFIED. ) 
 GEOMETRIC_REPRESENTATION_ITEM ( )  RATIONAL_B_SPLINE_SURFACE ( (
 ( 1.000000000000000000, 1.000000000000000000, 1.000000000000000000, 1.000000000000000000),
 ( 0.7176885430348760586, 0.7176885430348760586, 0.7176885430348760586, 0.7176885430348760586),
 ( 1.000000000000000000, 1.000000000000000000, 1.000000000000000000, 1.000000000000000000) ) ) 
 REPRESENTATION_ITEM ( '' )  SURFACE ( )  );
#2043 = CARTESIAN_POINT ( 'NONE',  ( -0.5374999999999999778, 0.1343207305098530480, 0.7358823223394361790 ) ) ;
#2044 = VERTEX_POINT ( 'NONE', #1141 ) ;
#2045 = CARTESIAN_POINT ( 'NONE',  ( 0.8173469276855310772, 0.1826351822332989150, -0.5408277029867523122 ) ) ;
#2046 = VECTOR ( 'NONE', #1368, 1000.000000000000000 ) ;
#2047 = ADVANCED_FACE ( 'NONE', ( #1334 ), #2668, .T. ) ;
#2048 = DIRECTION ( 'NONE',  ( 0.000000000000000000, 1.540740080799961609E-15, 1.000000000000000000 ) ) ;
#2049 = LINE ( 'NONE', #2037, #1281 ) ;
#2050 = DIRECTION ( 'NONE',  ( 0.000000000000000000, 1.000000000000000000, 0.000000000000000000 ) ) ;
#2051 = ORIENTED_EDGE ( 'NONE', *, *, #874, .T. ) ;
#2052 = VERTEX_POINT ( 'NONE', #2857 ) ;
#2053 = CARTESIAN_POINT ( 'NONE',  ( 0.8173469276855311882, 0.1999999999999921285, 0.4423469276855314658 ) ) ;
#2054 = DIRECTION ( 'NONE',  ( -0.000000000000000000, -0.000000000000000000, -1.000000000000000000 ) ) ;
#2055 = VECTOR ( 'NONE', #1839, 1000.000000000000000 ) ;
#2056 = CIRCLE ( 'NONE', #897, 0.1900000000000001688 ) ;
#2057 = DIRECTION ( 'NONE',  ( -1.000000000000000000, -0.000000000000000000, 0.000000000000000000 ) ) ;
#2058 = DIRECTION ( 'NONE',  ( 1.000000000000000000, -0.000000000000000000, -0.000000000000000000 ) ) ;
#2059 = VERTEX_POINT ( 'NONE', #661 ) ;
#2060 = VECTOR ( 'NONE', #1138, 1000.000000000000114 ) ;
#2061 = CARTESIAN_POINT ( 'NONE',  ( 0.2000000000000000389, 0.6599999999999919265, 0.6356110025097669869 ) ) ;
#2062 = AXIS2_PLACEMENT_3D ( 'NONE', #2583, #166, #2554 ) ;
#2063 = DIRECTION ( 'NONE',  ( -3.469446951953614682E-16, 0.000000000000000000, -1.000000000000000000 ) ) ;
#2064 = LINE ( 'NONE', #739, #2710 ) ;
#2065 = CARTESIAN_POINT ( 'NONE',  ( -0.5374999999999999778, 0.6599999999999919265, 0.5950000000000000844 ) ) ;
#2066 = ORIENTED_EDGE ( 'NONE', *, *, #2504, .T. ) ;
#2067 = VERTEX_POINT ( 'NONE', #1999 ) ;
#2068 = CARTESIAN_POINT ( 'NONE',  ( 0.9430861357615762941, 0.7866197760584947574, 0.5680861357615764051 ) ) ;
#2069 = DIRECTION ( 'NONE',  ( -1.000000000000000000, -0.000000000000000000, -0.000000000000000000 ) ) ;
#2070 = PRODUCT_CONTEXT ( 'NONE', #1244, 'mechanical' ) ;
#2071 = EDGE_CURVE ( 'NONE', #2016, #1953, #451, .T. ) ;
#2072 = CARTESIAN_POINT ( 'NONE',  ( -0.5374999999999999778, 0.1343207305098530480, -0.7358823223394361790 ) ) ;
#2073 = ORIENTED_EDGE ( 'NONE', *, *, #763, .T. ) ;
#2074 = DIRECTION ( 'NONE',  ( 0.000000000000000000, 1.000000000000000000, 0.000000000000000000 ) ) ;
#2075 = CARTESIAN_POINT ( 'NONE',  ( 0.9448460141916231736, 0.3472062030054952064, 0.4713652388904029933 ) ) ;
#2076 = EDGE_CURVE ( 'NONE', #318, #1300, #2056, .T. ) ;
#2077 = AXIS2_PLACEMENT_3D ( 'NONE', #2569, #1959, #578 ) ;
#2078 = LINE ( 'NONE', #1860, #1883 ) ;
#2079 = DIRECTION ( 'NONE',  ( -1.000000000000000000, -0.000000000000000000, -0.000000000000000000 ) ) ;
#2080 = CARTESIAN_POINT ( 'NONE',  ( 0.2000000000000000389, 0.1399999999999999578, 0.8850606066446772280 ) ) ;
#2081 = ORIENTED_EDGE ( 'NONE', *, *, #272, .T. ) ;
#2082 = EDGE_CURVE ( 'NONE', #400, #1464, #1783, .T. ) ;
#2083 = VERTEX_POINT ( 'NONE', #2436 ) ;
#2084 = CARTESIAN_POINT ( 'NONE',  ( 0.9699999999999999734, 0.6599999999999918154, 0.5950000000000000844 ) ) ;
#2085 = ADVANCED_BREP_SHAPE_REPRESENTATION ( 'ADM6711TAKS-REEL', ( #597, #593, #2453, #2508, #536, #1502, #2416 ), #2743 ) ;
#2086 = CIRCLE ( 'NONE', #835, 0.05000000000000002359 ) ;
#2087 = CARTESIAN_POINT ( 'NONE',  ( 0.5375000000000001998, 0.6099999999999918820, -0.6356110025097669869 ) ) ;
#2088 = DIRECTION ( 'NONE',  ( 0.000000000000000000, -0.000000000000000000, 1.000000000000000000 ) ) ;
#2089 = EDGE_LOOP ( 'NONE', ( #955, #1278, #355 ) ) ;
#2090 = FACE_OUTER_BOUND ( 'NONE', #88, .T. ) ;
#2091 = CARTESIAN_POINT ( 'NONE',  ( -0.6754967095456894111, 1.049999999999992051, 0.3604967095456894088 ) ) ;
#2092 = CIRCLE ( 'NONE', #189, 0.1000000000000000472 ) ;
#2093 = DIRECTION ( 'NONE',  ( 0.000000000000000000, -1.643334182377291610E-16, -1.000000000000000000 ) ) ;
#2094 = CARTESIAN_POINT ( 'NONE',  ( -0.9699999999999999734, 0.6599999999999919265, -0.5950000000000000844 ) ) ;
#2095 = CARTESIAN_POINT ( 'NONE',  ( -0.7624999999999999556, 0.1400000000000000133, -0.8850606066446772280 ) ) ;
#2096 = EDGE_LOOP ( 'NONE', ( #839, #491, #2767, #2871 ) ) ;
#2097 = ORIENTED_EDGE ( 'NONE', *, *, #1438, .F. ) ;
#2098 = CARTESIAN_POINT ( 'NONE',  ( -0.5374999999999999778, 0.7999999999999919398, 0.5652420813661968024 ) ) ;
#2099 = CARTESIAN_POINT ( 'NONE',  ( 0.9158277029867523122, 0.1826351822332990260, -0.4423469276855315213 ) ) ;
#2100 = DIRECTION ( 'NONE',  ( 0.000000000000000000, 1.000000000000000000, 0.000000000000000000 ) ) ;
#2101 = CARTESIAN_POINT ( 'NONE',  ( 0.9231826194452010803, 0.5036031015027435664, 0.5974230070958118644 ) ) ;
#2102 = AXIS2_PLACEMENT_3D ( 'NONE', #1603, #2050, #2544 ) ;
#2103 = ORIENTED_EDGE ( 'NONE', *, *, #1817, .F. ) ;
#2104 = DIRECTION ( 'NONE',  ( 0.000000000000000000, 1.000000000000000000, 0.000000000000000000 ) ) ;
#2105 = AXIS2_PLACEMENT_3D ( 'NONE', #2214, #865, #448 ) ;
#2106 = CARTESIAN_POINT ( 'NONE',  ( 0.9158277029867518682, 0.1826351822332990260, 0.4423469276855315213 ) ) ;
#2107 = VECTOR ( 'NONE', #2866, 1000.000000000000000 ) ;
#2108 = FACE_OUTER_BOUND ( 'NONE', #2696, .T. ) ;
#2109 = AXIS2_PLACEMENT_3D ( 'NONE', #1423, #2291, #732 ) ;
#2110 = AXIS2_PLACEMENT_3D ( 'NONE', #1581, #704, #2027 ) ;
#2111 = DIRECTION ( 'NONE',  ( 0.000000000000000000, 0.000000000000000000, -1.000000000000000000 ) ) ;
#2112 = ORIENTED_EDGE ( 'NONE', *, *, #751, .T. ) ;
#2113 = ORIENTED_EDGE ( 'NONE', *, *, #2642, .F. ) ;
#2114 = CARTESIAN_POINT ( 'NONE',  ( 0.7999999999999999334, 0.1499999999999999944, 0.8850606066446772280 ) ) ;
#2115 = FACE_OUTER_BOUND ( 'NONE', #239, .T. ) ;
#2116 = CARTESIAN_POINT ( 'NONE',  ( 0.7999999999999999334, 0.1499999999999999944, 0.8850606066446772280 ) ) ;
#2117 = CARTESIAN_POINT ( 'NONE',  ( 0.7999999999999999334, 0.6099999999999918820, 0.6356110025097669869 ) ) ;
#2118 = EDGE_LOOP ( 'NONE', ( #2440, #2794, #1150, #1424 ) ) ;
#2119 = CARTESIAN_POINT ( 'NONE',  ( -0.5374999999999999778, 0.6099999999999918820, 0.6356110025097669869 ) ) ;
#2120 = AXIS2_PLACEMENT_3D ( 'NONE', #1830, #721, #1396 ) ;
#2121 = ADVANCED_FACE ( 'NONE', ( #1768 ), #223, .T. ) ;
#2122 = ADVANCED_FACE ( 'NONE', ( #1308 ), #1128, .T. ) ;
#2123 = DIRECTION ( 'NONE',  ( 0.000000000000000000, 0.000000000000000000, 1.000000000000000000 ) ) ;
#2124 = LINE ( 'NONE', #585, #1930 ) ;
#2125 = EDGE_CURVE ( 'NONE', #2618, #671, #2187, .T. ) ;
#2126 = CARTESIAN_POINT ( 'NONE',  ( 0.7999999999999999334, 0.6099999999999918820, 0.6356110025097669869 ) ) ;
#2127 = VERTEX_POINT ( 'NONE', #1087 ) ;
#2128 = EDGE_LOOP ( 'NONE', ( #2154, #1990, #131, #2066 ) ) ;
#2129 = FACE_OUTER_BOUND ( 'NONE', #1735, .T. ) ;
#2130 = CARTESIAN_POINT ( 'NONE',  ( 0.7999999999999999334, 0.1400000000000000133, 1.050000000000000044 ) ) ;
#2131 = AXIS2_PLACEMENT_3D ( 'NONE', #161, #1054, #830 ) ;
#2132 = LINE ( 'NONE', #1496, #1878 ) ;
#2133 = FILL_AREA_STYLE_COLOUR ( '', #858 ) ;
#2134 = ORIENTED_EDGE ( 'NONE', *, *, #916, .F. ) ;
#2135 = CARTESIAN_POINT ( 'NONE',  ( -0.7624999999999999556, 0.6599999999999919265, -0.5950000000000000844 ) ) ;
#2136 = EDGE_CURVE ( 'NONE', #2270, #1229, #2801, .T. ) ;
#2137 = B_SPLINE_CURVE_WITH_KNOTS ( 'NONE', 3,
 ( #2094, #99, #288, #992 ),
 .UNSPECIFIED., .F., .F.,
 ( 4, 4 ),
 ( -1.746699282351180581E-06, 0.0003949036742083918573 ),
 .UNSPECIFIED. ) ;
#2138 = CARTESIAN_POINT ( 'NONE',  ( 0.7625000000000001776, 0.6599999999999919265, -0.6356110025097669869 ) ) ;
#2139 = CARTESIAN_POINT ( 'NONE',  ( -0.9161722715231528369, 0.9132395521169975883, -0.5411722715231528369 ) ) ;
#2140 = DIRECTION ( 'NONE',  ( -1.000000000000000000, -0.000000000000000000, -0.000000000000000000 ) ) ;
#2141 = ORIENTED_EDGE ( 'NONE', *, *, #2720, .T. ) ;
#2142 = VECTOR ( 'NONE', #344, 1000.000000000000000 ) ;
#2143 = ORIENTED_EDGE ( 'NONE', *, *, #2136, .T. ) ;
#2144 = CARTESIAN_POINT ( 'NONE',  ( -0.5374999999999999778, 0.6599999999999919265, -0.5950000000000000844 ) ) ;
#2145 = CARTESIAN_POINT ( 'NONE',  ( 0.5375000000000001998, 0.6599999999999919265, -0.5950000000000000844 ) ) ;
#2146 = CARTESIAN_POINT ( 'NONE',  ( -0.9724230070958115313, 0.5036031015027435664, 0.5481826194452014134 ) ) ;
#2147 = CARTESIAN_POINT ( 'NONE',  ( -0.7624999999999999556, 0.1499999999999999944, -0.8850606066446772280 ) ) ;
#2148 = ORIENTED_EDGE ( 'NONE', *, *, #2670, .F. ) ;
#2149 = VECTOR ( 'NONE', #1528, 1000.000000000000114 ) ;
#2150 = STYLED_ITEM ( 'NONE', ( #1957 ), #1502 ) ;
#2151 = CARTESIAN_POINT ( 'NONE',  ( -0.6754967095456894111, 1.099999999999992095, 0.2404967095456895521 ) ) ;
#2152 = ORIENTED_EDGE ( 'NONE', *, *, #2804, .T. ) ;
#2153 = AXIS2_PLACEMENT_3D ( 'NONE', #379, #1046, #1931 ) ;
#2154 = ORIENTED_EDGE ( 'NONE', *, *, #92, .F. ) ;
#2155 = DIRECTION ( 'NONE',  ( 0.000000000000000000, 0.000000000000000000, 1.000000000000000000 ) ) ;
#2156 = ADVANCED_FACE ( 'NONE', ( #2643 ), #1114, .F. ) ;
#2157 = AXIS2_PLACEMENT_3D ( 'NONE', #494, #2069, #105 ) ;
#2158 = CARTESIAN_POINT ( 'NONE',  ( 0.5375000000000001998, 0.6298604080208444200, -0.8245701626297392561 ) ) ;
#2159 = AXIS2_PLACEMENT_3D ( 'NONE', #1312, #201, #1297 ) ;
#2160 = CARTESIAN_POINT ( 'NONE',  ( -0.5374999999999999778, 0.7999999999999920508, -0.6356110025097669869 ) ) ;
#2161 = DIRECTION ( 'NONE',  ( 0.000000000000000000, 0.000000000000000000, -1.000000000000000000 ) ) ;
#2162 = ORIENTED_EDGE ( 'NONE', *, *, #1710, .T. ) ;
#2163 = EDGE_CURVE ( 'NONE', #767, #400, #2509, .T. ) ;
#2164 = DIRECTION ( 'NONE',  ( 0.000000000000000000, 0.000000000000000000, 1.000000000000000000 ) ) ;
#2165 = ORIENTED_EDGE ( 'NONE', *, *, #2163, .F. ) ;
#2166 = DIRECTION ( 'NONE',  ( -0.000000000000000000, 1.000000000000000000, -0.000000000000000000 ) ) ;
#2167 = DIRECTION ( 'NONE',  ( 0.000000000000000000, 0.000000000000000000, -1.000000000000000000 ) ) ;
#2168 = ORIENTED_EDGE ( 'NONE', *, *, #880, .F. ) ;
#2169 = ORIENTED_EDGE ( 'NONE', *, *, #193, .T. ) ;
#2170 = CARTESIAN_POINT ( 'NONE',  ( -0.6754967095456894111, 1.099999999999992095, 0.3604967095456894088 ) ) ;
#2171 = DIRECTION ( 'NONE',  ( 0.000000000000000000, 0.000000000000000000, 1.000000000000000000 ) ) ;
#2172 = EDGE_CURVE ( 'NONE', #728, #292, #424, .T. ) ;
#2173 = SURFACE_SIDE_STYLE ('',( #2445 ) ) ;
#2174 = DIRECTION ( 'NONE',  ( -0.000000000000000000, 0.2079116908177600920, 0.9781476007338054668 ) ) ;
#2175 = VECTOR ( 'NONE', #2386, 1000.000000000000000 ) ;
#2176 = EDGE_LOOP ( 'NONE', ( #2829, #173, #2369, #2221 ) ) ;
#2177 = FACE_OUTER_BOUND ( 'NONE', #530, .T. ) ;
#2178 = ORIENTED_EDGE ( 'NONE', *, *, #470, .F. ) ;
#2179 = ORIENTED_EDGE ( 'NONE', *, *, #1994, .F. ) ;
#2180 = ORIENTED_EDGE ( 'NONE', *, *, #479, .T. ) ;
#2181 = DIRECTION ( 'NONE',  ( -1.000000000000000000, -0.000000000000000000, -0.000000000000000000 ) ) ;
#2182 = FACE_OUTER_BOUND ( 'NONE', #1182, .T. ) ;
#2183 = VECTOR ( 'NONE', #25, 1000.000000000000000 ) ;
#2184 = SURFACE_STYLE_USAGE ( .BOTH. , #2173 ) ;
#2185 = VECTOR ( 'NONE', #463, 1000.000000000000000 ) ;
#2186 = CARTESIAN_POINT ( 'NONE',  ( 0.7954967095456894066, 0.9999999999999920064, -0.4204967095456894621 ) ) ;
#2187 = LINE ( 'NONE', #465, #58 ) ;
#2188 = ORIENTED_EDGE ( 'NONE', *, *, #1904, .F. ) ;
#2189 = VECTOR ( 'NONE', #84, 1000.000000000000000 ) ;
#2190 = EDGE_CURVE ( 'NONE', #2365, #2364, #199, .T. ) ;
#2191 = EDGE_LOOP ( 'NONE', ( #819, #2820, #2656, #2 ) ) ;
#2192 = AXIS2_PLACEMENT_3D ( 'NONE', #2420, #422, #1974 ) ;
#2193 = ORIENTED_EDGE ( 'NONE', *, *, #1914, .T. ) ;
#2194 = CYLINDRICAL_SURFACE ( 'NONE', #153, 0.1000000000000000472 ) ;
#2195 = VECTOR ( 'NONE', #2856, 1000.000000000000000 ) ;
#2196 = CARTESIAN_POINT ( 'NONE',  ( -0.7624999999999999556, 0.000000000000000000, 1.050000000000000044 ) ) ;
#2197 = ORIENTED_EDGE ( 'NONE', *, *, #2546, .F. ) ;
#2198 = CARTESIAN_POINT ( 'NONE',  ( 0.7954967095456895176, 1.020791169081767924, 0.5183114696190700421 ) ) ;
#2199 = PLANE ( 'NONE',  #2110 ) ;
#2200 = EDGE_CURVE ( 'NONE', #2001, #2861, #106, .T. ) ;
#2201 = AXIS2_PLACEMENT_3D ( 'NONE', #1026, #2791, #801 ) ;
#2202 = DIRECTION ( 'NONE',  ( 0.000000000000000000, -0.9945218953682740670, -0.1045284632676461017 ) ) ;
#2203 = ORIENTED_EDGE ( 'NONE', *, *, #2546, .T. ) ;
#2204 = EDGE_CURVE ( 'NONE', #255, #1298, #1920, .T. ) ;
#2205 = ADVANCED_FACE ( 'NONE', ( #1413 ), #710, .F. ) ;
#2206 =( NAMED_UNIT ( * ) SI_UNIT ( $, .STERADIAN. ) SOLID_ANGLE_UNIT ( ) );
#2207 = ORIENTED_EDGE ( 'NONE', *, *, #648, .F. ) ;
#2208 = EDGE_CURVE ( 'NONE', #1909, #2691, #1135, .T. ) ;
#2209 = EDGE_LOOP ( 'NONE', ( #2237, #2051, #1975, #2851, #2483, #466, #1137, #283, #592, #1230, #1924, #473 ) ) ;
#2210 = CARTESIAN_POINT ( 'NONE',  ( 0.9700000000000001954, 0.6599999999999919265, 0.5950000000000000844 ) ) ;
#2211 = DIRECTION ( 'NONE',  ( 1.000000000000000000, 0.000000000000000000, -0.000000000000000000 ) ) ;
#2212 = VERTEX_POINT ( 'NONE', #2235 ) ;
#2213 = B_SPLINE_CURVE_WITH_KNOTS ( 'NONE', 3,
 ( #1893, #977, #961, #1632 ),
 .UNSPECIFIED., .F., .F.,
 ( 4, 4 ),
 ( -1.746699282351180581E-06, 0.0003949036742083918573 ),
 .UNSPECIFIED. ) ;
#2214 = CARTESIAN_POINT ( 'NONE',  ( 0.7625000000000001776, 0.000000000000000000, -0.8850606066446772280 ) ) ;
#2215 = LINE ( 'NONE', #2865, #2349 ) ;
#2216 = CIRCLE ( 'NONE', #2817, 0.01000000000000002623 ) ;
#2217 = DIRECTION ( 'NONE',  ( -1.000000000000000000, -0.000000000000000000, 0.000000000000000000 ) ) ;
#2218 = ORIENTED_EDGE ( 'NONE', *, *, #197, .F. ) ;
#2219 = ADVANCED_FACE ( 'NONE', ( #2022 ), #918, .F. ) ;
#2220 = FACE_OUTER_BOUND ( 'NONE', #230, .T. ) ;
#2221 = ORIENTED_EDGE ( 'NONE', *, *, #2847, .T. ) ;
#2222 = CIRCLE ( 'NONE', #2868, 0.05000000000000012768 ) ;
#2223 = ORIENTED_EDGE ( 'NONE', *, *, #2673, .F. ) ;
#2224 = DIRECTION ( 'NONE',  ( 0.000000000000000000, 0.000000000000000000, -1.000000000000000000 ) ) ;
#2225 = CARTESIAN_POINT ( 'NONE',  ( -0.9699999999999999734, 0.6599999999999919265, -0.5950000000000000844 ) ) ;
#2226 = ORIENTED_EDGE ( 'NONE', *, *, #1162, .F. ) ;
#2227 = CARTESIAN_POINT ( 'NONE',  ( 0.9724230070958115313, 0.5036031015027435664, -0.5481826194452014134 ) ) ;
#2228 = DIRECTION ( 'NONE',  ( 0.000000000000000000, -0.9781476007338054668, 0.2079116908177600920 ) ) ;
#2229 = DIRECTION ( 'NONE',  ( 3.469446951953614682E-16, -0.000000000000000000, -1.000000000000000000 ) ) ;
#2230 = VECTOR ( 'NONE', #2541, 999.9999999999998863 ) ;
#2231 = CARTESIAN_POINT ( 'NONE',  ( 0.7954967095456895176, 1.020791169081767924, -0.5183114696190700421 ) ) ;
#2232 = ORIENTED_EDGE ( 'NONE', *, *, #2638, .F. ) ;
#2233 = DIRECTION ( 'NONE',  ( 0.000000000000000000, 0.9945218953682740670, 0.1045284632676467401 ) ) ;
#2234 = ORIENTED_EDGE ( 'NONE', *, *, #7, .T. ) ;
#2235 = CARTESIAN_POINT ( 'NONE',  ( 0.2000000000000000389, 0.000000000000000000, 1.050000000000000044 ) ) ;
#2236 = CARTESIAN_POINT ( 'NONE',  ( -0.9158277029867518682, 0.1826351822332989427, -0.4423469276855315213 ) ) ;
#2237 = ORIENTED_EDGE ( 'NONE', *, *, #1344, .T. ) ;
#2238 = EDGE_CURVE ( 'NONE', #1298, #292, #2005, .T. ) ;
#2239 = EDGE_CURVE ( 'NONE', #803, #74, #1049, .T. ) ;
#2240 = ORIENTED_EDGE ( 'NONE', *, *, #742, .F. ) ;
#2241 = FACE_OUTER_BOUND ( 'NONE', #1917, .T. ) ;
#2242 = VECTOR ( 'NONE', #2217, 1000.000000000000000 ) ;
#2243 = CARTESIAN_POINT ( 'NONE',  ( -0.9161722715231528369, 0.9132395521169975883, 0.5411722715231528369 ) ) ;
#2244 = PLANE ( 'NONE',  #1452 ) ;
#2245 = DIRECTION ( 'NONE',  ( -3.469446951953614189E-16, -1.232595164407830946E-32, -1.000000000000000000 ) ) ;
#2246 = VECTOR ( 'NONE', #924, 1000.000000000000000 ) ;
#2247 = EDGE_LOOP ( 'NONE', ( #2203, #2263, #95, #1294 ) ) ;
#2248 = ADVANCED_FACE ( 'NONE', ( #488 ), #9, .T. ) ;
#2249 = AXIS2_PLACEMENT_3D ( 'NONE', #823, #2403, #1713 ) ;
#2250 = CARTESIAN_POINT ( 'NONE',  ( -0.7954967095456895176, 1.020791169081767924, 0.5183114696190700421 ) ) ;
#2251 = AXIS2_PLACEMENT_3D ( 'NONE', #931, #1372, #27 ) ;
#2252 = PLANE ( 'NONE',  #45 ) ;
#2253 = ORIENTED_EDGE ( 'NONE', *, *, #1481, .F. ) ;
#2254 = CARTESIAN_POINT ( 'NONE',  ( 0.9700000000000001954, 0.6599999999999919265, -0.5950000000000000844 ) ) ;
#2255 = CARTESIAN_POINT ( 'NONE',  ( -0.5374999999999999778, 0.6099999999999918820, -0.6356110025097669869 ) ) ;
#2256 = EDGE_CURVE ( 'NONE', #2059, #2270, #2049, .T. ) ;
#2257 = ORIENTED_EDGE ( 'NONE', *, *, #1749, .T. ) ;
#2258 = AXIS2_PLACEMENT_3D ( 'NONE', #317, #2578, #362 ) ;
#2259 = VERTEX_POINT ( 'NONE', #2457 ) ;
#2260 =( LENGTH_UNIT ( ) NAMED_UNIT ( * ) SI_UNIT ( .MILLI., .METRE. ) );
#2261 = EDGE_CURVE ( 'NONE', #2343, #2016, #2064, .T. ) ;
#2262 = DIRECTION ( 'NONE',  ( 0.000000000000000000, 0.000000000000000000, -1.000000000000000000 ) ) ;
#2263 = ORIENTED_EDGE ( 'NONE', *, *, #1305, .T. ) ;
#2264 = CARTESIAN_POINT ( 'NONE',  ( -0.9999999999999995559, 0.6599999999999919265, 0.6250000000000000000 ) ) ;
#2265 = LINE ( 'NONE', #228, #2834 ) ;
#2266 = CIRCLE ( 'NONE', #723, 0.1000000000000000472 ) ;
#2267 = UNCERTAINTY_MEASURE_WITH_UNIT (LENGTH_MEASURE( 1.000000000000000082E-05 ), #2586, 'distance_accuracy_value', 'NONE');
#2268 = CARTESIAN_POINT ( 'NONE',  ( 0.7999999999999999334, 0.1399999999999999578, 0.8850606066446772280 ) ) ;
#2269 = CARTESIAN_POINT ( 'NONE',  ( 0.7625000000000001776, 0.7999999999999919398, -0.5652420813661968024 ) ) ;
#2270 = VERTEX_POINT ( 'NONE', #2701 ) ;
#2271 = ORIENTED_EDGE ( 'NONE', *, *, #1983, .T. ) ;
#2272 = DIRECTION ( 'NONE',  ( 0.000000000000000000, -1.000000000000000000, 0.000000000000000000 ) ) ;
#2273 = LINE ( 'NONE', #717, #15 ) ;
#2274 = DIRECTION ( 'NONE',  ( 1.000000000000000000, 0.000000000000000000, 0.000000000000000000 ) ) ;
#2275 = CARTESIAN_POINT ( 'NONE',  ( 0.9158277029867518682, 0.1826351822332990260, 0.4423469276855315213 ) ) ;
#2276 = FACE_OUTER_BOUND ( 'NONE', #2247, .T. ) ;
#2277 = ORIENTED_EDGE ( 'NONE', *, *, #2345, .F. ) ;
#2278 = DIRECTION ( 'NONE',  ( 0.000000000000000000, 0.000000000000000000, -1.000000000000000000 ) ) ;
#2279 = MECHANICAL_DESIGN_GEOMETRIC_PRESENTATION_REPRESENTATION (  '', ( #1557 ), #328 ) ;
#2280 = CARTESIAN_POINT ( 'NONE',  ( 0.9158277029867518682, 0.1826351822332990260, 0.4423469276855315213 ) ) ;
#2281 = PRODUCT_DEFINITION_FORMATION_WITH_SPECIFIED_SOURCE ( 'ANY', '', #1255, .NOT_KNOWN. ) ;
#2282 = CARTESIAN_POINT ( 'NONE',  ( 0.7999999999999999334, 0.1499999999999999944, 0.8850606066446772280 ) ) ;
#2283 = DIRECTION ( 'NONE',  ( 0.000000000000000000, 1.000000000000000000, 0.000000000000000000 ) ) ;
#2284 = ADVANCED_FACE ( 'NONE', ( #904 ), #1146, .T. ) ;
#2285 = ORIENTED_EDGE ( 'NONE', *, *, #702, .F. ) ;
#2286 = EDGE_LOOP ( 'NONE', ( #1163, #1505, #1986 ) ) ;
#2287 = CYLINDRICAL_SURFACE ( 'NONE', #1461, 0.1000000000000000472 ) ;
#2288 = DIRECTION ( 'NONE',  ( -1.000000000000000000, -0.000000000000000000, -0.000000000000000000 ) ) ;
#2289 = EDGE_CURVE ( 'NONE', #1155, #2410, #1467, .T. ) ;
#2290 = DIRECTION ( 'NONE',  ( 1.000000000000000000, 0.000000000000000000, 0.000000000000000000 ) ) ;
#2291 = DIRECTION ( 'NONE',  ( 0.000000000000000000, 1.000000000000000000, 0.000000000000000000 ) ) ;
#2292 = VERTEX_POINT ( 'NONE', #1834 ) ;
#2293 = AXIS2_PLACEMENT_3D ( 'NONE', #1808, #1389, #2693 ) ;
#2294 = CARTESIAN_POINT ( 'NONE',  ( -0.7624999999999999556, 0.6152264231633740588, -0.6853370972781808179 ) ) ;
#2295 = AXIS2_PLACEMENT_3D ( 'NONE', #1483, #794, #353 ) ;
#2296 = CIRCLE ( 'NONE', #2424, 0.1000000000000000472 ) ;
#2297 = DIRECTION ( 'NONE',  ( -1.000000000000000000, 0.000000000000000000, 0.000000000000000000 ) ) ;
#2298 = VECTOR ( 'NONE', #1383, 1000.000000000000000 ) ;
#2299 = EDGE_CURVE ( 'NONE', #1040, #335, #1791, .T. ) ;
#2300 = EDGE_CURVE ( 'NONE', #74, #713, #458, .T. ) ;
#2301 = CARTESIAN_POINT ( 'NONE',  ( -0.9158277029867518682, 0.1826351822332990260, 0.4423469276855315213 ) ) ;
#2302 = DIRECTION ( 'NONE',  ( -1.000000000000000000, -0.000000000000000000, 0.000000000000000000 ) ) ;
#2303 = ORIENTED_EDGE ( 'NONE', *, *, #2721, .F. ) ;
#2304 = ORIENTED_EDGE ( 'NONE', *, *, #7, .F. ) ;
#2305 = CARTESIAN_POINT ( 'NONE',  ( 0.7954967095456894066, 1.020791169081767924, 0.5183114696190700421 ) ) ;
#2306 = DIRECTION ( 'NONE',  ( -1.000000000000000000, 0.000000000000000000, 0.000000000000000000 ) ) ;
#2307 = FACE_OUTER_BOUND ( 'NONE', #2209, .T. ) ;
#2308 = LINE ( 'NONE', #2341, #849 ) ;
#2309 = ORIENTED_EDGE ( 'NONE', *, *, #197, .T. ) ;
#2310 = CARTESIAN_POINT ( 'NONE',  ( 0.9448460141916231736, 0.3472062030054952064, -0.4713652388904029933 ) ) ;
#2311 = CARTESIAN_POINT ( 'NONE',  ( -0.5374999999999999778, 0.1489547153673235758, 0.8751153876909943952 ) ) ;
#2312 = ADVANCED_FACE ( 'NONE', ( #2543 ), #2513, .F. ) ;
#2313 = AXIS2_PLACEMENT_3D ( 'NONE', #2126, #2530, #2792 ) ;
#2314 = DIRECTION ( 'NONE',  ( -1.000000000000000000, -0.000000000000000000, 0.000000000000000000 ) ) ;
#2315 = CARTESIAN_POINT ( 'NONE',  ( 0.7999999999999999334, 0.6152264231633740588, 0.6853370972781808179 ) ) ;
#2316 = LINE ( 'NONE', #567, #682 ) ;
#2317 = VERTEX_POINT ( 'NONE', #1038 ) ;
#2318 = ORIENTED_EDGE ( 'NONE', *, *, #2647, .T. ) ;
#2319 = DIRECTION ( 'NONE',  ( -0.000000000000000000, 0.9781476007338055778, -0.2079116908177600642 ) ) ;
#2320 = CARTESIAN_POINT ( 'NONE',  ( -0.8173469276855311882, 0.1826351822332990260, -0.5408277029867523122 ) ) ;
#2321 =( NAMED_UNIT ( * ) SI_UNIT ( $, .STERADIAN. ) SOLID_ANGLE_UNIT ( ) );
#2322 = LINE ( 'NONE', #2072, #2850 ) ;
#2323 = LINE ( 'NONE', #779, #2700 ) ;
#2324 = VERTEX_POINT ( 'NONE', #1257 ) ;
#2325 = EDGE_CURVE ( 'NONE', #1355, #2059, #2078, .T. ) ;
#2326 = FACE_OUTER_BOUND ( 'NONE', #1769, .T. ) ;
#2327 = CARTESIAN_POINT ( 'NONE',  ( 0.9724230070958115313, 0.5036031015027435664, 0.5481826194452014134 ) ) ;
#2328 = AXIS2_PLACEMENT_3D ( 'NONE', #1191, #1458, #127 ) ;
#2329 = EDGE_CURVE ( 'NONE', #41, #1028, #991, .T. ) ;
#2330 = CARTESIAN_POINT ( 'NONE',  ( -0.9699999999999999734, 0.6599999999999918154, -0.5950000000000000844 ) ) ;
#2331 = DIRECTION ( 'NONE',  ( 0.000000000000000000, 0.9781476007338055778, 0.2079116908177600642 ) ) ;
#2332 = LINE ( 'NONE', #1228, #1063 ) ;
#2333 = ORIENTED_EDGE ( 'NONE', *, *, #268, .F. ) ;
#2334 = VERTEX_POINT ( 'NONE', #1646 ) ;
#2335 = CARTESIAN_POINT ( 'NONE',  ( 0.2000000000000000389, 0.7999999999999920508, 0.6356110025097669869 ) ) ;
#2336 = SPHERICAL_SURFACE ( 'NONE', #668, 0.1000000000000000056 ) ;
#2337 = ADVANCED_FACE ( 'NONE', ( #2108 ), #2362, .F. ) ;
#2338 = EDGE_CURVE ( 'NONE', #263, #29, #203, .T. ) ;
#2339 = EDGE_CURVE ( 'NONE', #8, #2212, #2124, .T. ) ;
#2340 = CARTESIAN_POINT ( 'NONE',  ( 0.7999999999999999334, 0.000000000000000000, 1.050000000000000044 ) ) ;
#2341 = CARTESIAN_POINT ( 'NONE',  ( 0.7954967095456896287, 1.099999999999992095, 0.000000000000000000 ) ) ;
#2342 = VECTOR ( 'NONE', #2702, 1000.000000000000000 ) ;
#2343 = VERTEX_POINT ( 'NONE', #1428 ) ;
#2344 = LINE ( 'NONE', #562, #867 ) ;
#2345 = EDGE_CURVE ( 'NONE', #2674, #1314, #253, .T. ) ;
#2346 = AXIS2_PLACEMENT_3D ( 'NONE', #522, #2272, #277 ) ;
#2347 = CARTESIAN_POINT ( 'NONE',  ( -0.9012568908032591031, 0.09999999999999213685, 0.4423469276855314103 ) ) ;
#2348 = DIRECTION ( 'NONE',  ( -0.000000000000000000, -1.000000000000000000, -0.000000000000000000 ) ) ;
#2349 = VECTOR ( 'NONE', #1347, 1000.000000000000000 ) ;
#2350 = DIRECTION ( 'NONE',  ( 0.000000000000000000, 0.000000000000000000, -1.000000000000000000 ) ) ;
#2351 = ORIENTED_EDGE ( 'NONE', *, *, #1638, .F. ) ;
#2352 = VERTEX_POINT ( 'NONE', #98 ) ;
#2353 = CARTESIAN_POINT ( 'NONE',  ( -0.5374999999999999778, 0.1400000000000000133, -1.050000000000000044 ) ) ;
#2354 = LINE ( 'NONE', #351, #2370 ) ;
#2355 = EDGE_CURVE ( 'NONE', #2067, #588, #2018, .T. ) ;
#2356 = PLANE ( 'NONE',  #2295 ) ;
#2357 = CARTESIAN_POINT ( 'NONE',  ( -0.7954967095456895176, 1.020791169081767924, 0.5183114696190700421 ) ) ;
#2358 = ORIENTED_EDGE ( 'NONE', *, *, #2846, .F. ) ;
#2359 = CARTESIAN_POINT ( 'NONE',  ( 0.7999999999999999334, 0.1343207305098530480, 0.7358823223394361790 ) ) ;
#2360 = CIRCLE ( 'NONE', #487, 0.05999999999999994227 ) ;
#2361 = DIRECTION ( 'NONE',  ( 0.000000000000000000, 0.000000000000000000, 1.000000000000000000 ) ) ;
#2362 = PLANE ( 'NONE',  #388 ) ;
#2363 = CARTESIAN_POINT ( 'NONE',  ( 0.7954967095456894066, 0.9999999999999920064, 0.4204967095456894621 ) ) ;
#2364 = VERTEX_POINT ( 'NONE', #2761 ) ;
#2365 = VERTEX_POINT ( 'NONE', #816 ) ;
#2366 = DIRECTION ( 'NONE',  ( 1.000000000000000000, 0.000000000000000000, 0.000000000000000000 ) ) ;
#2367 = CARTESIAN_POINT ( 'NONE',  ( -0.6754967095456894111, 1.099999999999992095, 0.2404967095456895521 ) ) ;
#2368 = FACE_OUTER_BOUND ( 'NONE', #2421, .T. ) ;
#2369 = ORIENTED_EDGE ( 'NONE', *, *, #896, .F. ) ;
#2370 = VECTOR ( 'NONE', #1249, 1000.000000000000000 ) ;
#2371 = CARTESIAN_POINT ( 'NONE',  ( -0.7624999999999999556, 0.6599999999999919265, 0.5950000000000000844 ) ) ;
#2372 = DIRECTION ( 'NONE',  ( 0.000000000000000000, 1.540740080799961609E-15, -1.000000000000000000 ) ) ;
#2373 = ORIENTED_EDGE ( 'NONE', *, *, #1698, .T. ) ;
#2374 = VERTEX_POINT ( 'NONE', #346 ) ;
#2375 = DIRECTION ( 'NONE',  ( -1.000000000000000000, -0.000000000000000000, -0.000000000000000000 ) ) ;
#2376 = LINE ( 'NONE', #2622, #157 ) ;
#2377 = ADVANCED_FACE ( 'NONE', ( #770 ), #1662, .F. ) ;
#2378 = CARTESIAN_POINT ( 'NONE',  ( -0.5374999999999999778, 0.7999999999999919398, 0.5652420813661968024 ) ) ;
#2379 = CARTESIAN_POINT ( 'NONE',  ( -0.5374999999999999778, 0.7999999999999919398, 0.5652420813661968024 ) ) ;
#2380 = EDGE_LOOP ( 'NONE', ( #198, #23, #895, #1836 ) ) ;
#2381 = EDGE_CURVE ( 'NONE', #767, #132, #596, .T. ) ;
#2382 = VERTEX_POINT ( 'NONE', #785 ) ;
#2383 = AXIS2_PLACEMENT_3D ( 'NONE', #692, #1583, #2463 ) ;
#2384 = CARTESIAN_POINT ( 'NONE',  ( -0.5374999999999999778, 0.1400000000000000133, -0.8850606066446772280 ) ) ;
#2385 = EDGE_CURVE ( 'NONE', #1028, #1530, #1674, .T. ) ;
#2386 = DIRECTION ( 'NONE',  ( -1.000000000000000000, -0.000000000000000000, 0.000000000000000000 ) ) ;
#2387 = ORIENTED_EDGE ( 'NONE', *, *, #1921, .F. ) ;
#2388 = VECTOR ( 'NONE', #2739, 1000.000000000000114 ) ;
#2389 = ORIENTED_EDGE ( 'NONE', *, *, #1749, .F. ) ;
#2390 = DIRECTION ( 'NONE',  ( -1.000000000000000000, -0.000000000000000000, -0.000000000000000000 ) ) ;
#2391 = CARTESIAN_POINT ( 'NONE',  ( -0.5374999999999999778, 0.000000000000000000, 0.8850606066446772280 ) ) ;
#2392 = DIRECTION ( 'NONE',  ( 1.000000000000000000, -0.000000000000000000, -0.000000000000000000 ) ) ;
#2393 = PLANE ( 'NONE',  #1880 ) ;
#2394 = VERTEX_POINT ( 'NONE', #2588 ) ;
#2395 = CARTESIAN_POINT ( 'NONE',  ( 0.9161722715231528369, 0.9132395521169975883, -0.5411722715231528369 ) ) ;
#2396 = ORIENTED_EDGE ( 'NONE', *, *, #2720, .F. ) ;
#2397 = SURFACE_SIDE_STYLE ('',( #666 ) ) ;
#2398 = ORIENTED_EDGE ( 'NONE', *, *, #916, .T. ) ;
#2399 = ORIENTED_EDGE ( 'NONE', *, *, #143, .F. ) ;
#2400 = DIRECTION ( 'NONE',  ( -0.000000000000000000, -0.000000000000000000, 1.000000000000000000 ) ) ;
#2401 = DIRECTION ( 'NONE',  ( 0.000000000000000000, -0.9945218953682740670, -0.1045284632676461017 ) ) ;
#2402 = LINE ( 'NONE', #910, #2195 ) ;
#2403 = DIRECTION ( 'NONE',  ( 0.000000000000000000, -0.1736481776669307198, -0.9848077530122080203 ) ) ;
#2404 = VECTOR ( 'NONE', #2372, 1000.000000000000000 ) ;
#2405 = CARTESIAN_POINT ( 'NONE',  ( -0.7624999999999999556, 0.6298604080208444200, 0.8245701626297392561 ) ) ;
#2406 = DIRECTION ( 'NONE',  ( -1.000000000000000000, -0.000000000000000000, -0.000000000000000000 ) ) ;
#2407 = ORIENTED_EDGE ( 'NONE', *, *, #1105, .T. ) ;
#2408 = ADVANCED_FACE ( 'NONE', ( #1460 ), #128, .T. ) ;
#2409 = DIRECTION ( 'NONE',  ( -1.000000000000000000, 0.000000000000000000, 0.000000000000000000 ) ) ;
#2410 = VERTEX_POINT ( 'NONE', #859 ) ;
#2411 = EDGE_CURVE ( 'NONE', #190, #744, #870, .T. ) ;
#2412 = ORIENTED_EDGE ( 'NONE', *, *, #1304, .T. ) ;
#2413 = CARTESIAN_POINT ( 'NONE',  ( 0.7954967095456895176, 1.020791169081767924, -0.5183114696190700421 ) ) ;
#2414 = CARTESIAN_POINT ( 'NONE',  ( -0.9999999999999995559, 0.6599999999999918154, -0.6250000000000000000 ) ) ;
#2415 = VECTOR ( 'NONE', #1789, 1000.000000000000000 ) ;
#2416 = AXIS2_PLACEMENT_3D ( 'NONE', #718, #1153, #2274 ) ;
#2417 = CARTESIAN_POINT ( 'NONE',  ( -0.9699999999999999734, 0.6599999999999918154, 0.5950000000000000844 ) ) ;
#2418 = ADVANCED_FACE ( 'NONE', ( #844 ), #2655, .T. ) ;
#2419 = EDGE_CURVE ( 'NONE', #1314, #1355, #1748, .T. ) ;
#2420 = CARTESIAN_POINT ( 'NONE',  ( 0.7625000000000001776, 0.6099999999999918820, -0.6356110025097669869 ) ) ;
#2421 = EDGE_LOOP ( 'NONE', ( #1067, #1004, #1055, #2688 ) ) ;
#2422 = EDGE_CURVE ( 'NONE', #669, #790, #402, .T. ) ;
#2423 = CARTESIAN_POINT ( 'NONE',  ( 0.9700000000000001954, 0.6599999999999919265, -0.5950000000000000844 ) ) ;
#2424 = AXIS2_PLACEMENT_3D ( 'NONE', #1166, #2054, #2306 ) ;
#2425 = ORIENTED_EDGE ( 'NONE', *, *, #496, .F. ) ;
#2426 = AXIS2_PLACEMENT_3D ( 'NONE', #1803, #2689, #245 ) ;
#2427 = ORIENTED_EDGE ( 'NONE', *, *, #927, .F. ) ;
#2428 = CARTESIAN_POINT ( 'NONE',  ( 0.9999999999999995559, 0.6599999999999919265, -0.6250000000000000000 ) ) ;
#2429 = VECTOR ( 'NONE', #2533, 1000.000000000000000 ) ;
#2430 = FACE_OUTER_BOUND ( 'NONE', #1260, .T. ) ;
#2431 = ORIENTED_EDGE ( 'NONE', *, *, #2560, .T. ) ;
#2432 = CIRCLE ( 'NONE', #156, 0.1900000000000001688 ) ;
#2433 = CARTESIAN_POINT ( 'NONE',  ( -0.9202253338574934993, 0.8941713930232652041, 0.4474105737841130304 ) ) ;
#2434 = EDGE_CURVE ( 'NONE', #1314, #1544, #2603, .T. ) ;
#2435 = AXIS2_PLACEMENT_3D ( 'NONE', #1906, #2314, #1209 ) ;
#2436 = CARTESIAN_POINT ( 'NONE',  ( 0.5375000000000001998, 0.1343207305098530480, -0.7358823223394361790 ) ) ;
#2437 = ORIENTED_EDGE ( 'NONE', *, *, #308, .T. ) ;
#2438 = ORIENTED_EDGE ( 'NONE', *, *, #490, .F. ) ;
#2439 = DIRECTION ( 'NONE',  ( 0.000000000000000000, 0.9945218953682740670, 0.1045284632676467401 ) ) ;
#2440 = ORIENTED_EDGE ( 'NONE', *, *, #268, .T. ) ;
#2441 = ORIENTED_EDGE ( 'NONE', *, *, #2076, .F. ) ;
#2442 = DIRECTION ( 'NONE',  ( 0.000000000000000000, 8.131516293641279311E-16, -1.000000000000000000 ) ) ;
#2443 = CARTESIAN_POINT ( 'NONE',  ( 0.8962052868920562521, 0.7770856965116286208, 0.5701126669287468474 ) ) ;
#2444 = ORIENTED_EDGE ( 'NONE', *, *, #2535, .F. ) ;
#2445 = SURFACE_STYLE_FILL_AREA ( #688 ) ;
#2446 = DIRECTION ( 'NONE',  ( -3.469446951953614682E-16, -0.000000000000000000, 1.000000000000000000 ) ) ;
#2447 = VECTOR ( 'NONE', #396, 1000.000000000000000 ) ;
#2448 = EDGE_CURVE ( 'NONE', #698, #552, #1976, .T. ) ;
#2449 = CARTESIAN_POINT ( 'NONE',  ( -0.7624999999999999556, 0.000000000000000000, 1.050000000000000044 ) ) ;
#2450 = ORIENTED_EDGE ( 'NONE', *, *, #2299, .T. ) ;
#2451 = ORIENTED_EDGE ( 'NONE', *, *, #2804, .F. ) ;
#2452 = DIRECTION ( 'NONE',  ( -3.469446951953614682E-16, 0.000000000000000000, -1.000000000000000000 ) ) ;
#2453 = MANIFOLD_SOLID_BREP ( 'Boss-Extrude4', #783 ) ;
#2454 = ADVANCED_FACE ( 'NONE', ( #2848 ), #2632, .T. ) ;
#2455 = AXIS2_PLACEMENT_3D ( 'NONE', #206, #219, #1793 ) ;
#2456 = ORIENTED_EDGE ( 'NONE', *, *, #1311, .T. ) ;
#2457 = CARTESIAN_POINT ( 'NONE',  ( 0.5375000000000001998, 0.6152264231633740588, -0.6853370972781808179 ) ) ;
#2458 = ORIENTED_EDGE ( 'NONE', *, *, #2763, .T. ) ;
#2459 = ORIENTED_EDGE ( 'NONE', *, *, #793, .T. ) ;
#2460 = DIRECTION ( 'NONE',  ( 0.000000000000000000, 0.000000000000000000, 1.000000000000000000 ) ) ;
#2461 = SURFACE_SIDE_STYLE ('',( #1551 ) ) ;
#2462 = CARTESIAN_POINT ( 'NONE',  ( -0.9231826194452010803, 0.5036031015027435664, 0.5974230070958118644 ) ) ;
#2463 = DIRECTION ( 'NONE',  ( 0.000000000000000000, 0.000000000000000000, 1.000000000000000000 ) ) ;
#2464 = ORIENTED_EDGE ( 'NONE', *, *, #2625, .T. ) ;
#2465 = ORIENTED_EDGE ( 'NONE', *, *, #1092, .F. ) ;
#2466 = VECTOR ( 'NONE', #2520, 1000.000000000000000 ) ;
#2467 = VERTEX_POINT ( 'NONE', #426 ) ;
#2468 = DIRECTION ( 'NONE',  ( -1.000000000000000000, 0.000000000000000000, -0.000000000000000000 ) ) ;
#2469 = ADVANCED_FACE ( 'NONE', ( #1719 ), #159, .F. ) ;
#2470 = PLANE ( 'NONE',  #569 ) ;
#2471 = AXIS2_PLACEMENT_3D ( 'NONE', #1755, #644, #1539 ) ;
#2472 = ORIENTED_EDGE ( 'NONE', *, *, #1022, .T. ) ;
#2473 = DIRECTION ( 'NONE',  ( 1.000000000000000000, 0.000000000000000000, -0.000000000000000000 ) ) ;
#2474 =( NAMED_UNIT ( * ) SI_UNIT ( $, .STERADIAN. ) SOLID_ANGLE_UNIT ( ) );
#2475 = DIRECTION ( 'NONE',  ( 0.000000000000000000, 0.000000000000000000, -1.000000000000000000 ) ) ;
#2476 = AXIS2_PLACEMENT_3D ( 'NONE', #1626, #309, #511 ) ;
#2477 = ORIENTED_EDGE ( 'NONE', *, *, #1487, .F. ) ;
#2478 =( GEOMETRIC_REPRESENTATION_CONTEXT ( 3 ) GLOBAL_UNCERTAINTY_ASSIGNED_CONTEXT ( ( #724 ) ) GLOBAL_UNIT_ASSIGNED_CONTEXT ( ( #2260, #265, #2474 ) ) REPRESENTATION_CONTEXT ( 'NONE', 'WORKASPACE' ) );
#2479 = CARTESIAN_POINT ( 'NONE',  ( 0.8962052868920562521, 0.7770856965116286208, -0.5701126669287468474 ) ) ;
#2480 = CARTESIAN_POINT ( 'NONE',  ( 0.7999999999999999334, 0.7999999999999919398, 0.5652420813661968024 ) ) ;
#2481 = DIRECTION ( 'NONE',  ( 0.000000000000000000, 0.000000000000000000, -1.000000000000000000 ) ) ;
#2482 = DIRECTION ( 'NONE',  ( 0.000000000000000000, -0.9781476007338055778, -0.2079116908177600365 ) ) ;
#2483 = ORIENTED_EDGE ( 'NONE', *, *, #440, .T. ) ;
#2484 = VECTOR ( 'NONE', #303, 1000.000000000000000 ) ;
#2485 = ORIENTED_EDGE ( 'NONE', *, *, #696, .T. ) ;
#2486 = DIRECTION ( 'NONE',  ( 0.000000000000000000, 0.000000000000000000, -1.000000000000000000 ) ) ;
#2487 = CARTESIAN_POINT ( 'NONE',  ( 0.9451126669287466253, 0.7770856965116286208, 0.5212052868920564741 ) ) ;
#2488 = DIRECTION ( 'NONE',  ( -1.000000000000000000, -0.000000000000000000, -0.000000000000000000 ) ) ;
#2489 = DIRECTION ( 'NONE',  ( 0.000000000000000000, 0.000000000000000000, -1.000000000000000000 ) ) ;
#2490 = ORIENTED_EDGE ( 'NONE', *, *, #1130, .T. ) ;
#2491 = FACE_OUTER_BOUND ( 'NONE', #639, .T. ) ;
#2492 = DIRECTION ( 'NONE',  ( 0.000000000000000000, 8.131516293641279311E-16, 1.000000000000000000 ) ) ;
#2493 = CARTESIAN_POINT ( 'NONE',  ( -0.5374999999999999778, 0.6298604080208444200, -0.8245701626297392561 ) ) ;
#2494 = ADVANCED_FACE ( 'NONE', ( #1284 ), #884, .T. ) ;
#2495 = ORIENTED_EDGE ( 'NONE', *, *, #2434, .F. ) ;
#2496 = ORIENTED_EDGE ( 'NONE', *, *, #158, .F. ) ;
#2497 = CARTESIAN_POINT ( 'NONE',  ( -0.5374999999999999778, 0.6152264231633740588, 0.6853370972781807069 ) ) ;
#2498 = PLANE ( 'NONE',  #421 ) ;
#2499 = B_SPLINE_CURVE_WITH_KNOTS ( 'NONE', 3,
 ( #1071, #1332, #2433, #1565 ),
 .UNSPECIFIED., .F., .F.,
 ( 4, 4 ),
 ( -1.746699282351180581E-06, 0.0003949036742083918573 ),
 .UNSPECIFIED. ) ;
#2500 = LINE ( 'NONE', #295, #2246 ) ;
#2501 = LINE ( 'NONE', #2555, #1082 ) ;
#2502 = ORIENTED_EDGE ( 'NONE', *, *, #1638, .T. ) ;
#2503 = EDGE_CURVE ( 'NONE', #185, #103, #373, .T. ) ;
#2504 = EDGE_CURVE ( 'NONE', #1375, #318, #1950, .T. ) ;
#2505 = CARTESIAN_POINT ( 'NONE',  ( 0.9724230070958115313, 0.5036031015027435664, -0.5481826194452014134 ) ) ;
#2506 = AXIS2_PLACEMENT_3D ( 'NONE', #1411, #2744, #1875 ) ;
#2507 = CARTESIAN_POINT ( 'NONE',  ( 0.5375000000000001998, 0.6099999999999918820, -0.6356110025097669869 ) ) ;
#2508 = MANIFOLD_SOLID_BREP ( 'Mirror3', #547 ) ;
#2509 = LINE ( 'NONE', #1179, #2616 ) ;
#2510 = LINE ( 'NONE', #712, #1593 ) ;
#2511 = DIRECTION ( 'NONE',  ( 1.000000000000000000, -0.000000000000000000, 0.000000000000000000 ) ) ;
#2512 = EDGE_LOOP ( 'NONE', ( #2565, #262, #637, #1894 ) ) ;
#2513 =( BOUNDED_SURFACE ( )  B_SPLINE_SURFACE ( 2, 3, ( 
 ( #534, #1242, #975, #83 ),
 ( #300, #2139, #142, #360 ),
 ( #330, #1009, #1490, #2330 ) ),
 .UNSPECIFIED., .F., .F., .T. ) 
 B_SPLINE_SURFACE_WITH_KNOTS ( ( 3, 3 ),
 ( 4, 4 ),
 ( 0.000000000000000000, 1.000000000000000000 ),
 ( -1.746699282351180581E-06, 0.0003949036742083918573 ),
 .UNSPECIFIED. ) 
 GEOMETRIC_REPRESENTATION_ITEM ( )  RATIONAL_B_SPLINE_SURFACE ( (
 ( 1.000000000000000000, 1.000000000000000000, 1.000000000000000000, 1.000000000000000000),
 ( 0.7222282434171000132, 0.7222282434171000132, 0.7222282434171000132, 0.7222282434171000132),
 ( 1.000000000000000000, 1.000000000000000000, 1.000000000000000000, 1.000000000000000000) ) ) 
 REPRESENTATION_ITEM ( '' )  SURFACE ( )  );
#2514 = ORIENTED_EDGE ( 'NONE', *, *, #1701, .T. ) ;
#2515 = CARTESIAN_POINT ( 'NONE',  ( -0.9158277029867518682, 0.1826351822332990260, -0.4423469276855315213 ) ) ;
#2516 = CARTESIAN_POINT ( 'NONE',  ( -0.9158277029867518682, 0.1826351822332990260, -0.4423469276855315213 ) ) ;
#2517 = VECTOR ( 'NONE', #1301, 1000.000000000000000 ) ;
#2518 = EDGE_CURVE ( 'NONE', #1029, #2602, #558, .T. ) ;
#2519 = CARTESIAN_POINT ( 'NONE',  ( 0.8173469276855310772, 0.1826351822332990260, 0.5408277029867523122 ) ) ;
#2520 = DIRECTION ( 'NONE',  ( -1.000000000000000000, -0.000000000000000000, 0.000000000000000000 ) ) ;
#2521 = ORIENTED_EDGE ( 'NONE', *, *, #1661, .F. ) ;
#2522 = VECTOR ( 'NONE', #1866, 1000.000000000000000 ) ;
#2523 = LINE ( 'NONE', #2539, #1379 ) ;
#2524 = VECTOR ( 'NONE', #591, 1000.000000000000000 ) ;
#2525 = MECHANICAL_DESIGN_GEOMETRIC_PRESENTATION_REPRESENTATION (  '', ( #343 ), #1173 ) ;
#2526 = CARTESIAN_POINT ( 'NONE',  ( 0.2000000000000000389, 0.1400000000000000133, 1.050000000000000044 ) ) ;
#2527 = VECTOR ( 'NONE', #1093, 1000.000000000000000 ) ;
#2528 = DIRECTION ( 'NONE',  ( 1.000000000000000000, 0.000000000000000000, -0.000000000000000000 ) ) ;
#2529 = CARTESIAN_POINT ( 'NONE',  ( -0.7624999999999999556, 0.6599999999999919265, 0.5950000000000000844 ) ) ;
#2530 = DIRECTION ( 'NONE',  ( -1.000000000000000000, -0.000000000000000000, -0.000000000000000000 ) ) ;
#2531 = ORIENTED_EDGE ( 'NONE', *, *, #686, .F. ) ;
#2532 = EDGE_LOOP ( 'NONE', ( #73, #1795, #1963, #109 ) ) ;
#2533 = DIRECTION ( 'NONE',  ( -1.000000000000000000, -0.000000000000000000, -0.000000000000000000 ) ) ;
#2534 = DIRECTION ( 'NONE',  ( -1.000000000000000000, 0.000000000000000000, 0.000000000000000000 ) ) ;
#2535 = EDGE_CURVE ( 'NONE', #1119, #480, #2002, .T. ) ;
#2536 = CARTESIAN_POINT ( 'NONE',  ( 0.7625000000000001776, 0.1489547153673235758, -0.8751153876909943952 ) ) ;
#2537 = DIRECTION ( 'NONE',  ( -1.000000000000000000, -0.000000000000000000, 0.000000000000000000 ) ) ;
#2538 = ORIENTED_EDGE ( 'NONE', *, *, #2289, .T. ) ;
#2539 = CARTESIAN_POINT ( 'NONE',  ( 0.000000000000000000, 1.099999999999992095, -0.4204967095456894621 ) ) ;
#2540 = EDGE_CURVE ( 'NONE', #832, #30, #1353, .T. ) ;
#2541 = DIRECTION ( 'NONE',  ( 0.000000000000000000, 0.9781476007338055778, 0.2079116908177600642 ) ) ;
#2542 =( BOUNDED_SURFACE ( )  B_SPLINE_SURFACE ( 2, 3, ( 
 ( #2729, #2310, #2505, #1814 ),
 ( #972, #256, #284, #514 ),
 ( #2045, #988, #50, #1615 ) ),
 .UNSPECIFIED., .F., .F., .T. ) 
 B_SPLINE_SURFACE_WITH_KNOTS ( ( 3, 3 ),
 ( 4, 4 ),
 ( 0.000000000000000000, 1.000000000000000000 ),
 ( -0.0002949718745211516672, 0.0002138598371825447240 ),
 .UNSPECIFIED. ) 
 GEOMETRIC_REPRESENTATION_ITEM ( )  RATIONAL_B_SPLINE_SURFACE ( (
 ( 1.000000000000000000, 1.000000000000000000, 1.000000000000000000, 1.000000000000000000),
 ( 0.7176885430348760586, 0.7176885430348760586, 0.7176885430348760586, 0.7176885430348760586),
 ( 1.000000000000000000, 1.000000000000000000, 1.000000000000000000, 1.000000000000000000) ) ) 
 REPRESENTATION_ITEM ( '' )  SURFACE ( )  );
#2543 = FACE_OUTER_BOUND ( 'NONE', #979, .T. ) ;
#2544 = DIRECTION ( 'NONE',  ( 0.000000000000000000, 0.000000000000000000, 1.000000000000000000 ) ) ;
#2545 = ADVANCED_FACE ( 'NONE', ( #941, #502 ), #37, .F. ) ;
#2546 = EDGE_CURVE ( 'NONE', #2052, #428, #5, .T. ) ;
#2547 = EDGE_CURVE ( 'NONE', #1604, #1671, #2714, .T. ) ;
#2548 = PLANE ( 'NONE',  #2682 ) ;
#2549 = ORIENTED_EDGE ( 'NONE', *, *, #408, .T. ) ;
#2550 = ORIENTED_EDGE ( 'NONE', *, *, #1983, .F. ) ;
#2551 = FACE_OUTER_BOUND ( 'NONE', #1189, .T. ) ;
#2552 = CARTESIAN_POINT ( 'NONE',  ( -1.000000000000000000, 0.6599999999999919265, -0.6250000000000000000 ) ) ;
#2553 = EDGE_CURVE ( 'NONE', #2083, #2259, #695, .T. ) ;
#2554 = DIRECTION ( 'NONE',  ( 1.000000000000000000, 0.000000000000000000, -5.421010862427519212E-16 ) ) ;
#2555 = CARTESIAN_POINT ( 'NONE',  ( 0.2000000000000000389, 0.6599999999999919265, 0.6356110025097669869 ) ) ;
#2556 = ORIENTED_EDGE ( 'NONE', *, *, #2518, .T. ) ;
#2557 = CARTESIAN_POINT ( 'NONE',  ( 0.8173469276855310772, 0.1826351822332990260, -0.5408277029867523122 ) ) ;
#2558 = LINE ( 'NONE', #97, #2142 ) ;
#2559 = VECTOR ( 'NONE', #690, 1000.000000000000000 ) ;
#2560 = EDGE_CURVE ( 'NONE', #1455, #2382, #1586, .T. ) ;
#2561 = CARTESIAN_POINT ( 'NONE',  ( -0.5374999999999999778, 0.6099999999999918820, 0.6356110025097669869 ) ) ;
#2562 = FACE_OUTER_BOUND ( 'NONE', #1099, .T. ) ;
#2563 = ORIENTED_EDGE ( 'NONE', *, *, #2261, .T. ) ;
#2564 = EDGE_CURVE ( 'NONE', #1355, #2781, #1616, .T. ) ;
#2565 = ORIENTED_EDGE ( 'NONE', *, *, #1025, .T. ) ;
#2566 = FACE_OUTER_BOUND ( 'NONE', #2532, .T. ) ;
#2567 = CARTESIAN_POINT ( 'NONE',  ( 0.2000000000000000389, 0.7999999999999919398, 0.5652420813661968024 ) ) ;
#2568 = DIRECTION ( 'NONE',  ( -0.000000000000000000, 1.000000000000000000, 1.643334182377291610E-16 ) ) ;
#2569 = CARTESIAN_POINT ( 'NONE',  ( 0.7999999999999999334, 0.7999999999999919398, 0.5652420813661968024 ) ) ;
#2570 = ORIENTED_EDGE ( 'NONE', *, *, #1426, .T. ) ;
#2571 = DIRECTION ( 'NONE',  ( 0.000000000000000000, 0.000000000000000000, 1.000000000000000000 ) ) ;
#2572 = AXIS2_PLACEMENT_3D ( 'NONE', #2731, #1356, #2492 ) ;
#2573 = AXIS2_PLACEMENT_3D ( 'NONE', #133, #2782, #350 ) ;
#2574 = LINE ( 'NONE', #2347, #141 ) ;
#2575 = AXIS2_PLACEMENT_3D ( 'NONE', #937, #2753, #66 ) ;
#2576 = DIRECTION ( 'NONE',  ( 0.000000000000000000, 0.000000000000000000, 1.000000000000000000 ) ) ;
#2577 = VECTOR ( 'NONE', #1065, 1000.000000000000000 ) ;
#2578 = DIRECTION ( 'NONE',  ( 0.9848077530122080203, -0.1736481776669307198, -3.416738256948492844E-16 ) ) ;
#2579 = ORIENTED_EDGE ( 'NONE', *, *, #1805, .F. ) ;
#2580 = ORIENTED_EDGE ( 'NONE', *, *, #2854, .F. ) ;
#2581 = DIRECTION ( 'NONE',  ( -1.000000000000000000, -0.000000000000000000, -0.000000000000000000 ) ) ;
#2582 = CARTESIAN_POINT ( 'NONE',  ( 0.7999999999999999334, 0.6099999999999918820, 0.6356110025097669869 ) ) ;
#2583 = CARTESIAN_POINT ( 'NONE',  ( 0.8173469276855311882, 0.1999999999999921285, -0.4423469276855315213 ) ) ;
#2584 = CARTESIAN_POINT ( 'NONE',  ( 0.7999999999999999334, 0.6152264231633740588, 0.6853370972781808179 ) ) ;
#2585 = EDGE_LOOP ( 'NONE', ( #1434, #647, #2728, #2684 ) ) ;
#2586 =( LENGTH_UNIT ( ) NAMED_UNIT ( * ) SI_UNIT ( .MILLI., .METRE. ) );
#2587 = EDGE_CURVE ( 'NONE', #1196, #442, #2265, .T. ) ;
#2588 = CARTESIAN_POINT ( 'NONE',  ( -0.7954967095456894066, 1.099999999999992095, -0.4204967095456894621 ) ) ;
#2589 = CIRCLE ( 'NONE', #311, 0.1900000000000001688 ) ;
#2590 = DIRECTION ( 'NONE',  ( -0.000000000000000000, 1.000000000000000000, 0.000000000000000000 ) ) ;
#2591 = ORIENTED_EDGE ( 'NONE', *, *, #2547, .F. ) ;
#2592 = ORIENTED_EDGE ( 'NONE', *, *, #2003, .T. ) ;
#2593 = CARTESIAN_POINT ( 'NONE',  ( -0.7624999999999999556, 0.1343207305098530480, -0.7358823223394361790 ) ) ;
#2594 = DIRECTION ( 'NONE',  ( 0.000000000000000000, 1.540740080799961609E-15, -1.000000000000000000 ) ) ;
#2595 = LINE ( 'NONE', #2378, #1275 ) ;
#2596 =( BOUNDED_CURVE ( )  B_SPLINE_CURVE ( 2, ( #820, #148, #1708 ),
 .UNSPECIFIED., .F., .T. ) 
 B_SPLINE_CURVE_WITH_KNOTS ( ( 3, 3 ),
 ( 0.000000000000000000, 1.000000000000000000 ),
 .UNSPECIFIED. ) 
 CURVE ( )  GEOMETRIC_REPRESENTATION_ITEM ( )  RATIONAL_B_SPLINE_CURVE ( ( 1.000000000000000000, 0.7222282434171000132, 1.000000000000000000 ) ) 
 REPRESENTATION_ITEM ( '' )  );
#2597 = FACE_OUTER_BOUND ( 'NONE', #207, .T. ) ;
#2598 = VERTEX_POINT ( 'NONE', #722 ) ;
#2599 = VECTOR ( 'NONE', #1262, 1000.000000000000000 ) ;
#2600 = ADVANCED_FACE ( 'NONE', ( #2491 ), #2252, .T. ) ;
#2601 = DIRECTION ( 'NONE',  ( -1.000000000000000000, 0.000000000000000000, -5.421010862427519212E-16 ) ) ;
#2602 = VERTEX_POINT ( 'NONE', #1397 ) ;
#2603 = LINE ( 'NONE', #1077, #2527 ) ;
#2604 = CARTESIAN_POINT ( 'NONE',  ( -0.7954967095456895176, 1.020791169081767924, -0.5183114696190700421 ) ) ;
#2605 = ORIENTED_EDGE ( 'NONE', *, *, #2540, .T. ) ;
#2606 = ORIENTED_EDGE ( 'NONE', *, *, #1213, .T. ) ;
#2607 = FACE_OUTER_BOUND ( 'NONE', #2191, .T. ) ;
#2608 = DIRECTION ( 'NONE',  ( -0.000000000000000000, 0.1045284632676465042, 0.9945218953682740670 ) ) ;
#2609 = DIRECTION ( 'NONE',  ( -1.000000000000000000, -0.000000000000000000, -0.000000000000000000 ) ) ;
#2610 = LINE ( 'NONE', #151, #2447 ) ;
#2611 = VERTEX_POINT ( 'NONE', #2730 ) ;
#2612 = B_SPLINE_CURVE_WITH_KNOTS ( 'NONE', 3,
 ( #615, #1737, #231, #1763 ),
 .UNSPECIFIED., .F., .F.,
 ( 4, 4 ),
 ( -1.746699282351180581E-06, 0.0003949036742083918573 ),
 .UNSPECIFIED. ) ;
#2613 = EDGE_CURVE ( 'NONE', #588, #2374, #2034, .T. ) ;
#2614 = FACE_OUTER_BOUND ( 'NONE', #996, .T. ) ;
#2615 = EDGE_LOOP ( 'NONE', ( #2793, #2218, #349 ) ) ;
#2616 = VECTOR ( 'NONE', #1588, 1000.000000000000000 ) ;
#2617 = CARTESIAN_POINT ( 'NONE',  ( -0.5374999999999999778, 0.7999999999999920508, -0.6356110025097669869 ) ) ;
#2618 = VERTEX_POINT ( 'NONE', #2280 ) ;
#2619 = AXIS2_PLACEMENT_3D ( 'NONE', #731, #2290, #1625 ) ;
#2620 = ORIENTED_EDGE ( 'NONE', *, *, #1481, .T. ) ;
#2621 = PLANE ( 'NONE',  #1319 ) ;
#2622 = CARTESIAN_POINT ( 'NONE',  ( 0.7999999999999999334, 0.000000000000000000, 1.050000000000000044 ) ) ;
#2623 = MECHANICAL_DESIGN_GEOMETRIC_PRESENTATION_REPRESENTATION (  '', ( #478 ), #2478 ) ;
#2624 = AXIS2_PLACEMENT_3D ( 'NONE', #71, #959, #944 ) ;
#2625 = EDGE_CURVE ( 'NONE', #588, #1079, #2694, .T. ) ;
#2626 = LINE ( 'NONE', #1916, #1337 ) ;
#2627 = FACE_OUTER_BOUND ( 'NONE', #1252, .T. ) ;
#2628 = CARTESIAN_POINT ( 'NONE',  ( 0.9451126669287466253, 0.7770856965116286208, -0.5212052868920564741 ) ) ;
#2629 = ORIENTED_EDGE ( 'NONE', *, *, #1344, .F. ) ;
#2630 = ADVANCED_FACE ( 'NONE', ( #1891 ), #799, .F. ) ;
#2631 = VECTOR ( 'NONE', #1856, 1000.000000000000000 ) ;
#2632 = PLANE ( 'NONE',  #1516 ) ;
#2633 = ORIENTED_EDGE ( 'NONE', *, *, #659, .F. ) ;
#2634 = ORIENTED_EDGE ( 'NONE', *, *, #1304, .F. ) ;
#2635 = CARTESIAN_POINT ( 'NONE',  ( 0.8933114696190699311, 1.020791169081767924, -0.4204967095456893511 ) ) ;
#2636 = EDGE_CURVE ( 'NONE', #1634, #290, #414, .T. ) ;
#2637 = DIRECTION ( 'NONE',  ( 0.000000000000000000, 0.000000000000000000, -1.000000000000000000 ) ) ;
#2638 = EDGE_CURVE ( 'NONE', #132, #1464, #736, .T. ) ;
#2639 = CARTESIAN_POINT ( 'NONE',  ( 0.9158277029867523122, 0.1826351822332990260, -0.4423469276855315213 ) ) ;
#2640 = CARTESIAN_POINT ( 'NONE',  ( -0.8962052868920562521, 0.7770856965116286208, 0.5701126669287468474 ) ) ;
#2641 = AXIS2_PLACEMENT_3D ( 'NONE', #1787, #1923, #883 ) ;
#2642 = EDGE_CURVE ( 'NONE', #74, #2083, #1644, .T. ) ;
#2643 = FACE_OUTER_BOUND ( 'NONE', #2844, .T. ) ;
#2644 = ORIENTED_EDGE ( 'NONE', *, *, #2636, .F. ) ;
#2645 = FILL_AREA_STYLE_COLOUR ( '', #765 ) ;
#2646 = ORIENTED_EDGE ( 'NONE', *, *, #2338, .T. ) ;
#2647 = EDGE_CURVE ( 'NONE', #247, #1802, #1427, .T. ) ;
#2648 = ORIENTED_EDGE ( 'NONE', *, *, #490, .T. ) ;
#2649 = DIRECTION ( 'NONE',  ( -1.000000000000000000, 0.000000000000000000, 0.000000000000000000 ) ) ;
#2650 = CARTESIAN_POINT ( 'NONE',  ( -0.9419633775902563899, 0.3308579584555995656, 0.5669633775902569450 ) ) ;
#2651 = FILL_AREA_STYLE_COLOUR ( '', #1600 ) ;
#2652 = CARTESIAN_POINT ( 'NONE',  ( -0.5374999999999999778, 0.1499999999999999944, 0.8850606066446772280 ) ) ;
#2653 = EDGE_LOOP ( 'NONE', ( #2412, #1104, #2425, #380 ) ) ;
#2654 = CARTESIAN_POINT ( 'NONE',  ( -0.5374999999999999778, 0.1499999999999999944, -0.8850606066446772280 ) ) ;
#2655 = SPHERICAL_SURFACE ( 'NONE', #2159, 0.1000000000000000056 ) ;
#2656 = ORIENTED_EDGE ( 'NONE', *, *, #1448, .T. ) ;
#2657 = CIRCLE ( 'NONE', #2752, 0.1000000000000000472 ) ;
#2658 = ORIENTED_EDGE ( 'NONE', *, *, #1992, .T. ) ;
#2659 = CARTESIAN_POINT ( 'NONE',  ( 0.2000000000000000389, 0.6099999999999918820, 0.6356110025097669869 ) ) ;
#2660 = MECHANICAL_DESIGN_GEOMETRIC_PRESENTATION_REPRESENTATION (  '', ( #2150 ), #1552 ) ;
#2661 = LINE ( 'NONE', #1302, #1489 ) ;
#2662 = ORIENTED_EDGE ( 'NONE', *, *, #1269, .T. ) ;
#2663 = VECTOR ( 'NONE', #1669, 1000.000000000000000 ) ;
#2664 = VECTOR ( 'NONE', #2594, 1000.000000000000000 ) ;
#2665 = CARTESIAN_POINT ( 'NONE',  ( -0.5374999999999999778, 0.7999999999999919398, 0.5652420813661968024 ) ) ;
#2666 =( NAMED_UNIT ( * ) PLANE_ANGLE_UNIT ( ) SI_UNIT ( $, .RADIAN. ) );
#2667 = VECTOR ( 'NONE', #1400, 1000.000000000000114 ) ;
#2668 = CYLINDRICAL_SURFACE ( 'NONE', #2192, 0.1900000000000001688 ) ;
#2669 = ORIENTED_EDGE ( 'NONE', *, *, #464, .T. ) ;
#2670 = EDGE_CURVE ( 'NONE', #1040, #1300, #2558, .T. ) ;
#2671 = ORIENTED_EDGE ( 'NONE', *, *, #1661, .T. ) ;
#2672 = CARTESIAN_POINT ( 'NONE',  ( -0.5374999999999999778, 0.6099999999999918820, -0.6356110025097669869 ) ) ;
#2673 = EDGE_CURVE ( 'NONE', #2364, #588, #2574, .T. ) ;
#2674 = VERTEX_POINT ( 'NONE', #2311 ) ;
#2675 = CARTESIAN_POINT ( 'NONE',  ( 0.8173469276855311882, 0.1999999999999921285, -0.4423469276855314658 ) ) ;
#2676 = DIRECTION ( 'NONE',  ( 0.000000000000000000, 0.000000000000000000, -1.000000000000000000 ) ) ;
#2677 = PLANE ( 'NONE',  #2455 ) ;
#2678 = ORIENTED_EDGE ( 'NONE', *, *, #40, .T. ) ;
#2679 = ORIENTED_EDGE ( 'NONE', *, *, #1177, .F. ) ;
#2680 = CARTESIAN_POINT ( 'NONE',  ( 0.7999999999999999334, 0.6298604080208444200, 0.8245701626297392561 ) ) ;
#2681 = CARTESIAN_POINT ( 'NONE',  ( -0.7624999999999999556, 0.1400000000000000133, 1.050000000000000044 ) ) ;
#2682 = AXIS2_PLACEMENT_3D ( 'NONE', #1012, #100, #1908 ) ;
#2683 = CARTESIAN_POINT ( 'NONE',  ( 0.8933114696190699311, 1.020791169081767924, -0.4204967095456893511 ) ) ;
#2684 = ORIENTED_EDGE ( 'NONE', *, *, #1933, .F. ) ;
#2685 = CARTESIAN_POINT ( 'NONE',  ( 0.7625000000000001776, 0.1343207305098530480, -0.7358823223394361790 ) ) ;
#2686 = EDGE_CURVE ( 'NONE', #247, #671, #214, .T. ) ;
#2687 = CARTESIAN_POINT ( 'NONE',  ( 0.000000000000000000, 1.099999999999992095, 0.000000000000000000 ) ) ;
#2688 = ORIENTED_EDGE ( 'NONE', *, *, #1732, .T. ) ;
#2689 = DIRECTION ( 'NONE',  ( -1.000000000000000000, -0.000000000000000000, -0.000000000000000000 ) ) ;
#2690 = CARTESIAN_POINT ( 'NONE',  ( 0.9012568908032597692, 0.1826351822332990260, 0.5408277029867523122 ) ) ;
#2691 = VERTEX_POINT ( 'NONE', #754 ) ;
#2692 = VERTEX_POINT ( 'NONE', #2526 ) ;
#2693 = DIRECTION ( 'NONE',  ( 0.000000000000000000, 0.000000000000000000, 1.000000000000000000 ) ) ;
#2694 = CIRCLE ( 'NONE', #460, 0.1000000000000000472 ) ;
#2695 = CARTESIAN_POINT ( 'NONE',  ( 0.7625000000000001776, 0.6298604080208444200, -0.8245701626297392561 ) ) ;
#2696 = EDGE_LOOP ( 'NONE', ( #1107, #630, #505, #651 ) ) ;
#2697 = LINE ( 'NONE', #1156, #640 ) ;
#2698 = FILL_AREA_STYLE ('',( #1519 ) ) ;
#2700 = VECTOR ( 'NONE', #512, 999.9999999999998863 ) ;
#2699 = UNCERTAINTY_MEASURE_WITH_UNIT (LENGTH_MEASURE( 1.000000000000000082E-05 ), #51, 'distance_accuracy_value', 'NONE');
#2701 = CARTESIAN_POINT ( 'NONE',  ( -0.5374999999999999778, 2.710505431213761085E-17, 0.8850606066446772280 ) ) ;
#2702 = DIRECTION ( 'NONE',  ( 0.000000000000000000, 1.643334182377291610E-16, 1.000000000000000000 ) ) ;
#2703 = EDGE_LOOP ( 'NONE', ( #872, #2207, #500, #2549 ) ) ;
#2704 = AXIS2_PLACEMENT_3D ( 'NONE', #2665, #1996, #1100 ) ;
#2705 = ORIENTED_EDGE ( 'NONE', *, *, #2256, .F. ) ;
#2706 = CARTESIAN_POINT ( 'NONE',  ( -0.9448460141916231736, 0.3472062030054952064, -0.4713652388904029933 ) ) ;
#2707 = CARTESIAN_POINT ( 'NONE',  ( 0.9202253338574934993, 0.8941713930232652041, 0.4474105737841130304 ) ) ;
#2708 = ADVANCED_FACE ( 'NONE', ( #359 ), #564, .T. ) ;
#2709 = DIRECTION ( 'NONE',  ( 0.000000000000000000, 0.9781476007338055778, -0.2079116908177600642 ) ) ;
#2710 = VECTOR ( 'NONE', #1160, 1000.000000000000000 ) ;
#2711 = ORIENTED_EDGE ( 'NONE', *, *, #1305, .F. ) ;
#2712 = STYLED_ITEM ( 'NONE', ( #1700 ), #536 ) ;
#2713 = LINE ( 'NONE', #956, #2860 ) ;
#2714 = LINE ( 'NONE', #928, #1217 ) ;
#2715 = DIRECTION ( 'NONE',  ( 0.000000000000000000, 0.000000000000000000, -1.000000000000000000 ) ) ;
#2716 = LINE ( 'NONE', #261, #102 ) ;
#2717 = ORIENTED_EDGE ( 'NONE', *, *, #1921, .T. ) ;
#2718 = CIRCLE ( 'NONE', #122, 0.05999999999999994227 ) ;
#2719 = EDGE_CURVE ( 'NONE', #400, #2324, #1767, .T. ) ;
#2720 = EDGE_CURVE ( 'NONE', #2352, #1492, #1254, .T. ) ;
#2721 = EDGE_CURVE ( 'NONE', #2618, #2052, #980, .T. ) ;
#2722 = VERTEX_POINT ( 'NONE', #81 ) ;
#2723 = PLANE ( 'NONE',  #2346 ) ;
#2724 = CARTESIAN_POINT ( 'NONE',  ( 0.7954967095456894066, 1.099999999999992095, 0.4204967095456894621 ) ) ;
#2725 = LINE ( 'NONE', #1187, #1180 ) ;
#2726 = SPHERICAL_SURFACE ( 'NONE', #2476, 0.1000000000000000056 ) ;
#2727 = CIRCLE ( 'NONE', #1482, 0.01000000000000002623 ) ;
#2728 = ORIENTED_EDGE ( 'NONE', *, *, #2208, .F. ) ;
#2729 = CARTESIAN_POINT ( 'NONE',  ( 0.9158277029867518682, 0.1826351822332989427, -0.4423469276855315213 ) ) ;
#2730 = CARTESIAN_POINT ( 'NONE',  ( 0.2000000000000000389, 0.7999999999999919398, 0.5652420813661968024 ) ) ;
#2731 = CARTESIAN_POINT ( 'NONE',  ( 0.8173469276855311882, 0.1999999999999921285, 0.4423469276855314103 ) ) ;
#2732 = PLANE ( 'NONE',  #1317 ) ;
#2733 = FACE_OUTER_BOUND ( 'NONE', #1938, .T. ) ;
#2734 = ADVANCED_FACE ( 'NONE', ( #1024 ), #515, .T. ) ;
#2735 = VERTEX_POINT ( 'NONE', #2091 ) ;
#2736 = ORIENTED_EDGE ( 'NONE', *, *, #907, .T. ) ;
#2737 = SPHERICAL_SURFACE ( 'NONE', #1738, 0.1000000000000000056 ) ;
#2738 = FACE_OUTER_BOUND ( 'NONE', #613, .T. ) ;
#2739 = DIRECTION ( 'NONE',  ( 0.000000000000000000, -0.9945218953682740670, 0.1045284632676461017 ) ) ;
#2740 = DIRECTION ( 'NONE',  ( 0.000000000000000000, 1.000000000000000000, 0.000000000000000000 ) ) ;
#2741 = EDGE_LOOP ( 'NONE', ( #2835, #773, #1729, #909 ) ) ;
#2742 = DIRECTION ( 'NONE',  ( -1.000000000000000000, -0.000000000000000000, -0.000000000000000000 ) ) ;
#2743 =( GEOMETRIC_REPRESENTATION_CONTEXT ( 3 ) GLOBAL_UNCERTAINTY_ASSIGNED_CONTEXT ( ( #2267 ) ) GLOBAL_UNIT_ASSIGNED_CONTEXT ( ( #2586, #1934, #747 ) ) REPRESENTATION_CONTEXT ( 'NONE', 'WORKASPACE' ) );
#2744 = DIRECTION ( 'NONE',  ( 1.000000000000000000, 0.000000000000000000, 0.000000000000000000 ) ) ;
#2745 = CARTESIAN_POINT ( 'NONE',  ( 0.7999999999999999334, 0.1399999999999999856, 0.8850606066446772280 ) ) ;
#2746 = DIRECTION ( 'NONE',  ( -0.000000000000000000, -0.000000000000000000, -1.000000000000000000 ) ) ;
#2747 = VERTEX_POINT ( 'NONE', #1905 ) ;
#2748 = ORIENTED_EDGE ( 'NONE', *, *, #257, .F. ) ;
#2749 = FACE_OUTER_BOUND ( 'NONE', #1246, .T. ) ;
#2750 = DIRECTION ( 'NONE',  ( 0.000000000000000000, 0.000000000000000000, -1.000000000000000000 ) ) ;
#2751 = EDGE_CURVE ( 'NONE', #552, #767, #2789, .T. ) ;
#2752 = AXIS2_PLACEMENT_3D ( 'NONE', #218, #2181, #2442 ) ;
#2753 = DIRECTION ( 'NONE',  ( -1.000000000000000000, -0.000000000000000000, -0.000000000000000000 ) ) ;
#2754 = DIRECTION ( 'NONE',  ( 0.000000000000000000, 0.000000000000000000, -1.000000000000000000 ) ) ;
#2755 = ORIENTED_EDGE ( 'NONE', *, *, #269, .T. ) ;
#2756 = DIRECTION ( 'NONE',  ( 0.000000000000000000, 0.000000000000000000, -1.000000000000000000 ) ) ;
#2757 = AXIS2_PLACEMENT_3D ( 'NONE', #1595, #2488, #2475 ) ;
#2758 = EDGE_CURVE ( 'NONE', #138, #2334, #1307, .T. ) ;
#2759 = LINE ( 'NONE', #769, #2230 ) ;
#2760 = AXIS2_PLACEMENT_3D ( 'NONE', #2561, #549, #1444 ) ;
#2761 = CARTESIAN_POINT ( 'NONE',  ( 0.8173469276855319654, 0.09999999999999213685, 0.4423469276855314103 ) ) ;
#2762 = CARTESIAN_POINT ( 'NONE',  ( 0.2000000000000000389, 0.6599999999999919265, 0.5950000000000000844 ) ) ;
#2763 = EDGE_CURVE ( 'NONE', #2833, #1751, #2759, .T. ) ;
#2764 =( BOUNDED_CURVE ( )  B_SPLINE_CURVE ( 2, ( #2519, #1610, #2275 ),
 .UNSPECIFIED., .F., .F. ) 
 B_SPLINE_CURVE_WITH_KNOTS ( ( 3, 3 ),
 ( 0.000000000000000000, 1.000000000000000000 ),
 .UNSPECIFIED. ) 
 CURVE ( )  GEOMETRIC_REPRESENTATION_ITEM ( )  RATIONAL_B_SPLINE_CURVE ( ( 1.000000000000000000, 0.7176885430348760586, 1.000000000000000000 ) ) 
 REPRESENTATION_ITEM ( '' )  );
#2765 = CARTESIAN_POINT ( 'NONE',  ( 0.9999999999999995559, 0.6599999999999919265, -0.6250000000000000000 ) ) ;
#2766 = ORIENTED_EDGE ( 'NONE', *, *, #110, .F. ) ;
#2767 = ORIENTED_EDGE ( 'NONE', *, *, #2419, .F. ) ;
#2768 = DIRECTION ( 'NONE',  ( -1.000000000000000000, 0.000000000000000000, 0.000000000000000000 ) ) ;
#2769 = DIRECTION ( 'NONE',  ( -0.000000000000000000, -0.000000000000000000, -1.000000000000000000 ) ) ;
#2770 = DIRECTION ( 'NONE',  ( -1.000000000000000000, 0.000000000000000000, 0.000000000000000000 ) ) ;
#2771 = LINE ( 'NONE', #1237, #1225 ) ;
#2772 = ORIENTED_EDGE ( 'NONE', *, *, #2032, .T. ) ;
#2773 = CARTESIAN_POINT ( 'NONE',  ( 0.5375000000000001998, 0.6298604080208444200, -0.8245701626297392561 ) ) ;
#2774 = ADVANCED_FACE ( 'NONE', ( #548 ), #528, .T. ) ;
#2775 = DIRECTION ( 'NONE',  ( 0.000000000000000000, -0.9945218953682740670, -0.1045284632676467262 ) ) ;
#2776 = ADVANCED_FACE ( 'NONE', ( #2614 ), #1947, .F. ) ;
#2777 = DIRECTION ( 'NONE',  ( -1.000000000000000000, -0.000000000000000000, 0.000000000000000000 ) ) ;
#2778 = CIRCLE ( 'NONE', #2131, 0.05999999999999994227 ) ;
#2779 = CARTESIAN_POINT ( 'NONE',  ( -0.6754967095456894111, 1.049999999999992051, 0.3004967095456894666 ) ) ;
#2780 = ORIENTED_EDGE ( 'NONE', *, *, #2719, .T. ) ;
#2781 = VERTEX_POINT ( 'NONE', #2681 ) ;
#2782 = DIRECTION ( 'NONE',  ( 0.000000000000000000, 1.000000000000000000, 0.000000000000000000 ) ) ;
#2783 = PLANE ( 'NONE',  #453 ) ;
#2784 = CARTESIAN_POINT ( 'NONE',  ( -0.7624999999999999556, 0.6152264231633740588, 0.6853370972781808179 ) ) ;
#2785 = CARTESIAN_POINT ( 'NONE',  ( 0.9999999999999995559, 0.6599999999999918154, 0.6250000000000000000 ) ) ;
#2786 = ORIENTED_EDGE ( 'NONE', *, *, #576, .F. ) ;
#2787 = DIRECTION ( 'NONE',  ( -0.000000000000000000, -0.000000000000000000, 1.000000000000000000 ) ) ;
#2788 = B_SPLINE_CURVE_WITH_KNOTS ( 'NONE', 3,
 ( #1726, #1264, #2146, #822 ),
 .UNSPECIFIED., .F., .F.,
 ( 4, 4 ),
 ( -0.0002949718745211516672, 0.0002138598371825446969 ),
 .UNSPECIFIED. ) ;
#2789 = LINE ( 'NONE', #1443, #1076 ) ;
#2790 = AXIS2_PLACEMENT_3D ( 'NONE', #314, #329, #1037 ) ;
#2791 = DIRECTION ( 'NONE',  ( 0.000000000000000000, -0.1736481776669307198, 0.9848077530122080203 ) ) ;
#2792 = DIRECTION ( 'NONE',  ( 0.000000000000000000, 0.000000000000000000, 1.000000000000000000 ) ) ;
#2793 = ORIENTED_EDGE ( 'NONE', *, *, #408, .F. ) ;
#2794 = ORIENTED_EDGE ( 'NONE', *, *, #763, .F. ) ;
#2795 = DIRECTION ( 'NONE',  ( -1.000000000000000000, -0.000000000000000000, -0.000000000000000000 ) ) ;
#2796 = LINE ( 'NONE', #2810, #974 ) ;
#2797 = DIRECTION ( 'NONE',  ( 1.000000000000000000, 0.000000000000000000, 0.000000000000000000 ) ) ;
#2798 = SURFACE_STYLE_FILL_AREA ( #137 ) ;
#2799 = ORIENTED_EDGE ( 'NONE', *, *, #533, .F. ) ;
#2800 = ADVANCED_FACE ( 'NONE', ( #2177 ), #2244, .F. ) ;
#2801 = CIRCLE ( 'NONE', #808, 0.1499999999999999667 ) ;
#2802 = VECTOR ( 'NONE', #2375, 1000.000000000000000 ) ;
#2803 = CARTESIAN_POINT ( 'NONE',  ( 0.5375000000000001998, 0.6599999999999919265, -0.5950000000000000844 ) ) ;
#2804 = EDGE_CURVE ( 'NONE', #1212, #966, #841, .T. ) ;
#2805 = CARTESIAN_POINT ( 'NONE',  ( -0.8173469276855311882, 0.1999999999999921285, 0.4423469276855314103 ) ) ;
#2806 = CARTESIAN_POINT ( 'NONE',  ( 0.7625000000000001776, 0.1400000000000000133, -1.050000000000000044 ) ) ;
#2807 = ORIENTED_EDGE ( 'NONE', *, *, #2200, .F. ) ;
#2808 = ORIENTED_EDGE ( 'NONE', *, *, #800, .T. ) ;
#2809 = PLANE ( 'NONE',  #2573 ) ;
#2810 = CARTESIAN_POINT ( 'NONE',  ( -0.5374999999999999778, 0.1400000000000000133, -0.8850606066446772280 ) ) ;
#2811 = EDGE_CURVE ( 'NONE', #224, #2067, #1186, .T. ) ;
#2812 = PLANE ( 'NONE',  #624 ) ;
#2813 = SURFACE_STYLE_USAGE ( .BOTH. , #1484 ) ;
#2814 = EDGE_LOOP ( 'NONE', ( #2441, #903, #305, #612 ) ) ;
#2815 = CARTESIAN_POINT ( 'NONE',  ( 0.7954967095456894066, 1.020791169081767924, -0.5183114696190700421 ) ) ;
#2816 = ORIENTED_EDGE ( 'NONE', *, *, #787, .F. ) ;
#2817 = AXIS2_PLACEMENT_3D ( 'NONE', #2147, #796, #2161 ) ;
#2818 = LINE ( 'NONE', #1951, #498 ) ;
#2819 = ORIENTED_EDGE ( 'NONE', *, *, #61, .T. ) ;
#2820 = ORIENTED_EDGE ( 'NONE', *, *, #1168, .F. ) ;
#2821 = LINE ( 'NONE', #1654, #2429 ) ;
#2822 = LINE ( 'NONE', #2130, #1112 ) ;
#2823 = EDGE_CURVE ( 'NONE', #2374, #1683, #2092, .T. ) ;
#2824 = PLANE ( 'NONE',  #2153 ) ;
#2825 = DIRECTION ( 'NONE',  ( 0.000000000000000000, -1.540740080799961412E-15, -1.000000000000000000 ) ) ;
#2826 = ORIENTED_EDGE ( 'NONE', *, *, #2071, .T. ) ;
#2827 = VECTOR ( 'NONE', #2837, 1000.000000000000000 ) ;
#2828 = DIRECTION ( 'NONE',  ( 0.000000000000000000, 0.1045284632676467262, -0.9945218953682740670 ) ) ;
#2829 = ORIENTED_EDGE ( 'NONE', *, *, #232, .T. ) ;
#2830 = DIRECTION ( 'NONE',  ( -1.000000000000000000, -0.000000000000000000, 0.000000000000000000 ) ) ;
#2831 = FACE_OUTER_BOUND ( 'NONE', #888, .T. ) ;
#2832 = ADVANCED_FACE ( 'NONE', ( #237 ), #184, .F. ) ;
#2833 = VERTEX_POINT ( 'NONE', #911 ) ;
#2834 = VECTOR ( 'NONE', #271, 1000.000000000000000 ) ;
#2835 = ORIENTED_EDGE ( 'NONE', *, *, #440, .F. ) ;
#2836 = DIRECTION ( 'NONE',  ( 1.000000000000000000, 0.000000000000000000, 0.000000000000000000 ) ) ;
#2837 = DIRECTION ( 'NONE',  ( 0.000000000000000000, 1.540740080799961609E-15, 1.000000000000000000 ) ) ;
#2838 =( NAMED_UNIT ( * ) PLANE_ANGLE_UNIT ( ) SI_UNIT ( $, .RADIAN. ) );
#2839 = PLANE ( 'NONE',  #2077 ) ;
#2840 = EDGE_CURVE ( 'NONE', #1960, #1543, #1282, .T. ) ;
#2841 = VECTOR ( 'NONE', #418, 1000.000000000000000 ) ;
#2842 = DIRECTION ( 'NONE',  ( 1.000000000000000000, 0.000000000000000000, 0.000000000000000000 ) ) ;
#2843 = DIRECTION ( 'NONE',  ( -0.000000000000000000, 1.000000000000000000, -0.000000000000000000 ) ) ;
#2844 = EDGE_LOOP ( 'NONE', ( #2826, #2580, #1164, #2563 ) ) ;
#2845 = AXIS2_PLACEMENT_3D ( 'NONE', #1248, #2795, #1261 ) ;
#2846 = EDGE_CURVE ( 'NONE', #2067, #1079, #1333, .T. ) ;
#2847 = EDGE_CURVE ( 'NONE', #1229, #2410, #636, .T. ) ;
#2848 = FACE_OUTER_BOUND ( 'NONE', #538, .T. ) ;
#2849 = ORIENTED_EDGE ( 'NONE', *, *, #1381, .T. ) ;
#2850 = VECTOR ( 'NONE', #1391, 1000.000000000000000 ) ;
#2851 = ORIENTED_EDGE ( 'NONE', *, *, #786, .T. ) ;
#2852 = CARTESIAN_POINT ( 'NONE',  ( -0.6754967095456894111, 1.049999999999992051, 0.3604967095456894088 ) ) ;
#2853 = CARTESIAN_POINT ( 'NONE',  ( -0.9999999999999995559, 0.6599999999999918154, -0.6250000000000000000 ) ) ;
#2854 = EDGE_CURVE ( 'NONE', #2674, #1953, #1529, .T. ) ;
#2855 = MECHANICAL_DESIGN_GEOMETRIC_PRESENTATION_REPRESENTATION (  '', ( #2712 ), #249 ) ;
#2856 = DIRECTION ( 'NONE',  ( 1.000000000000000000, 0.000000000000000000, 0.000000000000000000 ) ) ;
#2857 = CARTESIAN_POINT ( 'NONE',  ( 0.9999999999999995559, 0.6599999999999919265, 0.6250000000000000000 ) ) ;
#2858 = ORIENTED_EDGE ( 'NONE', *, *, #1430, .F. ) ;
#2859 = EDGE_CURVE ( 'NONE', #1492, #780, #2012, .T. ) ;
#2860 = VECTOR ( 'NONE', #2742, 1000.000000000000000 ) ;
#2861 = VERTEX_POINT ( 'NONE', #1582 ) ;
#2862 = VERTEX_POINT ( 'NONE', #815 ) ;
#2863 = LINE ( 'NONE', #1968, #1044 ) ;
#2864 = CARTESIAN_POINT ( 'NONE',  ( -0.9999999999999995559, 0.6599999999999918154, 0.6250000000000000000 ) ) ;
#2865 = CARTESIAN_POINT ( 'NONE',  ( 0.7999999999999999334, 0.6599999999999919265, 0.6356110025097669869 ) ) ;
#2866 = DIRECTION ( 'NONE',  ( -1.000000000000000000, -0.000000000000000000, -0.000000000000000000 ) ) ;
#2867 = EDGE_LOOP ( 'NONE', ( #1145, #1621, #2398, #2141 ) ) ;
#2868 = AXIS2_PLACEMENT_3D ( 'NONE', #875, #1330, #2637 ) ;
#2869 = DIRECTION ( 'NONE',  ( 0.000000000000000000, -0.9781476007338055778, -0.2079116908177600365 ) ) ;
#2870 = ORIENTED_EDGE ( 'NONE', *, *, #2642, .T. ) ;
#2871 = ORIENTED_EDGE ( 'NONE', *, *, #2434, .T. ) ;
#2872 = CARTESIAN_POINT ( 'NONE',  ( 0.9231826194452010803, 0.5036031015027435664, 0.5974230070958118644 ) ) ;
#2873 = DIRECTION ( 'NONE',  ( -0.2079116908177597867, 0.9781476007338055778, 0.000000000000000000 ) ) ;
#2874 = ORIENTED_EDGE ( 'NONE', *, *, #686, .T. ) ;
#2875 = CARTESIAN_POINT ( 'NONE',  ( 0.9448460141916231736, 0.3472062030054952064, -0.4713652388904029933 ) ) ;
ENDSEC;
END-ISO-10303-21;
